Workbook

Sheet Plant utilization
G1: Work days | H1: xxxx | J1: Date : | K1: xxxx | AG1: 2600 | AH1: =AG1/D48 -> 3.7142857
A2: Resource Capacity Utilization Report -Month xxxx | J2: Project Name : | AG2: T SWAMY | AO2: NAGARAJAN | AW2: A.K. SINGH
A3: S.No. | B3: Description | C3: Budget | E3: Unit | F3: Actual (for the day) | J3: Cumulative for the Month | O3: Site conditions (Actual) | S3: =4400*0.6 -> 2640 | Z3: 44 | AA3: 50
C4: Unit | D4: Prod'vity Norm | F4: Work done Quantity for the day | G4: Budgeted Days | H4: Actual Days | I4: % of Utiliz'tn | J4: Cumulative Work done | K4: Budgeted Days | L4: Actual Days | M4: % of Utiliz'tn | S4: =4400/S3 -> 1.6666667 | T4: =100% -> 1 | Z4: 11 | AA4: 16 | AG4: Work done Quantity for the day | AH4: Budgeted Days | AI4: Actual Days | AJ4: % of Utiliz'tn | AK4: Cumulative Work done | AL4: Budgeted Days | AM4: Actual Days | AN4: % of Utiliz'tn | AO4: Work done Quantity for the day | AP4: Budgeted Days | AQ4: Actual Days | AR4: % of Utiliz'tn | AS4: Cumulative Work done | AT4: Budgeted Days | AU4: Actual Days | AV4: % of Utiliz'tn | AW4: Work done Quantity for the day | AX4: Budgeted Days | AY4: Actual Days | AZ4: % of Utiliz'tn | BA4: Cumulative Work done | BB4: Budgeted Days | BC4: Actual Days | BD4: % of Utiliz'tn
O5: Prod'vity Norm | P5: Budgeted Days | Q5: % Utiliz'tn (Actual)
A7: 1 | B7: Bull Dozer | G7: =SUM(G8:G17) -> 0 | I7: =IFERROR(G7/H7,0) -> 0 | K7: =SUM(K8:K17) -> 0 | M7: =IFERROR(K7/L7,0) -> 0 | P7: =SUM(P8:P17) -> 0 | Q7: =P7/L7 -> #DIV/0! | T7: =K7-L7 -> 0 | U7: 103.56 | V7: =T7*U7 -> 0 | Z7: 7 | AH7: =SUM(AH8:AH17) -> #REF! | AI7: =VLOOKUP($B7,'[5]Eqpmnt & MP Days'!$B$4:$H$11,2,0) -> 3.75 | AJ7: =IFERROR(AH7/AI7,"") | AL7: =SUM(AL8:AL17) -> #REF! | AM7: =VLOOKUP($B7,'[5]Eqpmnt & MP Days'!$B$4:$H$11,3,0) -> 90 | AN7: =IFERROR(AL7/AM7,"") | AP7: =SUM(AP8:AP17) -> #REF! | AQ7: =VLOOKUP($B7,'[5]Eqpmnt & MP Days'!$B$4:$H$11,4,0) -> 1.75 | AR7: =IFERROR(AP7/AQ7,"") | AT7: =SUM(AT8:AT17) -> #REF! | AU7: =VLOOKUP($B7,'[5]Eqpmnt & MP Days'!$B$4:$H$11,5,0) -> 42 | AV7: =IFERROR(AT7/AU7,"") | AX7: =IFERROR(SUM(AX8:AX17),"") | AY7: =IFERROR(VLOOKUP($B7,'[5]Eqpmnt & MP Days'!$B$4:$H$11,6,0),"") -> 0 | AZ7: =IFERROR(AX7/AY7,"") | BB7: =SUM(BB8:BB17) -> #REF! | BC7: =VLOOKUP($B7,'[5]Eqpmnt & MP Days'!$B$4:$H$11,7,0) -> 0 | BD7: =IFERROR(BB7/BC7,"")
B8: Clearing & grubbing | C8: Sqm/Day | D8: 4000 | E8: Sqm | K8: =J8/D8 -> 0 | O8: 4000 | P8: =J8/O8 -> 0 | AG8: =#REF!+#REF! -> #REF! | AH8: =AG8/$D8 -> #REF! | AK8: =#REF!+#REF! -> #REF! | AL8: =AK8/$D8 -> #REF! | AO8: =#REF!+#REF! -> #REF! | AP8: =AO8/$D8 -> #REF! | AS8: =#REF!+#REF! -> #REF! | AT8: =AS8/$D8 -> #REF! | AW8: =#REF!+#REF! -> #REF! | AX8: =AW8/$D8 -> #REF! | BA8: =#REF!+#REF! -> #REF! | BB8: =BA8/$D8 -> #REF!
B9: Unclassified Excavation | C9: Cum/day | D9: 900 | E9: Cum | K9: =J9/D9 -> 0 | O9: 900 | P9: =J9/O9 -> 0 | AG9: =#REF!+#REF!+#REF! -> #REF! | AH9: =AG9/$D9 -> #REF! | AK9: =#REF!+#REF!+#REF! -> #REF! | AL9: =AK9/$D9 -> #REF! | AO9: =#REF!+#REF!+#REF! -> #REF! | AP9: =AO9/$D9 -> #REF! | AS9: =#REF!+#REF!+#REF! -> #REF! | AT9: =AS9/$D9 -> #REF! | AW9: =#REF!+#REF!+#REF! -> #REF! | AX9: =AW9/$D9 -> #REF! | BA9: =#REF!+#REF!+#REF! -> #REF! | BB9: =BA9/$D9 -> #REF!
B10: Collection of material for EMB | C10: Cum/day | D10: =1000/1.2 -> 833.33333 | E10: Cum | K10: =J10/D10 -> 0 | O10: =1000/(1.4) -> 714.28571 | P10: =J10/O10 -> 0 | AG10: =(#REF!+#REF!) -> #REF! | AH10: =AG10/$D10 -> #REF! | AK10: =(#REF!+#REF!) -> #REF! | AL10: =AK10/$D10 -> #REF! | AO10: =(#REF!+#REF!) -> #REF! | AP10: =AO10/$D10 -> #REF! | AS10: =(#REF!+#REF!) -> #REF! | AT10: =AS10/$D10 -> #REF! | AW10: =(#REF!+#REF!) -> #REF! | AX10: =AW10/$D10 -> #REF! | BA10: =(#REF!+#REF!) -> #REF! | BB10: =BA10/$D10 -> #REF!
B11: Subgrade Preparation in cut | C11: Sqm/Day | D11: 1000 | E11: Sqm | K11: =J11/D11 -> 0 | O11: 1000 | P11: 0 | AG11: =#REF!*0.5 -> #REF! | AH11: =AG11/$D11 -> #REF! | AK11: =#REF! -> #REF! | AL11: =AK11/$D11 -> #REF! | AO11: =#REF!*0.5 -> #REF! | AP11: =AO11/$D11 -> #REF! | AS11: =#REF! -> #REF! | AT11: =AS11/$D11 -> #REF! | AW11: =#REF!*0.5 -> #REF! | AX11: =AW11/$D11 -> #REF! | BA11: =#REF! -> #REF! | BB11: =BA11/$D11 -> #REF!
B12: Collection of material for GSB | C12: Cum/day | D12: =1000/1.1 -> 909.09091 | E12: Cum | K12: =J12/D12 -> 0 | O12: 1154 | P12: =J12/O12 -> 0 | AG12: =(#REF!+#REF!+#REF!)*1 -> #REF! | AH12: =AG12/$D12 -> #REF! | AK12: =(#REF!+#REF!+#REF!) -> #REF! | AL12: =AK12/$D12 -> #REF! | AO12: =(#REF!+#REF!+#REF!)*1 -> #REF! | AP12: =AO12/$D12 -> #REF! | AS12: =(#REF!+#REF!+#REF!) -> #REF! | AT12: =AS12/$D12 -> #REF! | AW12: =(#REF!+#REF!+#REF!)*1 -> #REF! | AX12: =AW12/$D12 -> #REF! | BA12: =(#REF!+#REF!+#REF!) -> #REF! | BB12: =BA12/$D12 -> #REF!
B13: Extraction of ABC material | C13: Cum/day | D13: =1200/1.4 -> 857.14286 | E13: Cum | K13: =J13/D13 -> 0 | O13: 857 | P13: =J13/O13 -> 0 | AG13: =#REF! -> #REF! | AH13: =AG13/$D13 -> #REF! | AK13: =#REF! -> #REF! | AL13: =AK13/$D13 -> #REF! | AO13: =#REF! -> #REF! | AP13: =AO13/$D13 -> #REF! | AS13: =#REF! -> #REF! | AT13: =AS13/$D13 -> #REF! | AW13: =#REF! -> #REF! | AX13: =AW13/$D13 -> #REF! | BA13: =#REF! -> #REF! | BB13: =BA13/$D13 -> #REF!
B14: BBC/BWC Aggregate borrow excavation | C14: Cum/day | D14: =1200/(1.6*1.3) -> 576.92308 | E14: Cum | K14: =J14/D14 -> 0 | O14: 577 | P14: =J14/O14 -> 0 | AG14: =#REF!+#REF!+#REF!+#REF!+#REF! -> #REF! | AH14: =AG14/$D14 -> #REF! | AK14: =#REF!+#REF!+#REF!+#REF!+#REF! -> #REF! | AL14: =AK14/$D14 -> #REF! | AO14: =#REF!+#REF!+#REF!+#REF!+#REF! -> #REF! | AS14: =#REF!+#REF!+#REF!+#REF!+#REF! -> #REF! | AW14: =#REF!+#REF!+#REF!+#REF!+#REF! -> #REF! | AX14: =AW14/$D14 -> #REF! | BA14: =#REF!+#REF!+#REF!+#REF!+#REF! -> #REF! | BB14: =BA14/$D14 -> #REF!
B15: Maintenance and protection of Trafic | C15: Cum/day | D15: =1000/1.2 -> 833.33333 | E15: Cum | G15: =F15/D15 -> 0 | K15: =J15/D15 -> 0 | O15: 1000 | P15: =J15/O15 -> 0 | AH15: =AG15/$D15 -> 0 | AL15: =AK15/$D15 -> 0 | AP15: =AO15/$D15 -> 0 | AT15: =AS15/$D15 -> 0 | AX15: =AW15/$D15 -> 0 | BB15: =BA15/$D15 -> 0
B16: Maintenance of Access Roads / Area levelling | G16: 0 | K16: 0
B17: Mobile Crusher | C17: Cum/day | D17: 550 | E17: Cum | G17: =F17/D17 -> 0 | K17: =J17/D17 -> 0 | O17: 550 | P17: =J17/O17 -> 0 | AH17: =AG17/$D17 -> 0 | AL17: =AK17/$D17 -> 0 | AP17: =AO17/$D17 -> 0 | AT17: =AS17/$D17 -> 0 | AX17: =AW17/$D17 -> 0 | BB17: =BA17/$D17 -> 0
A18: 2 | B18: Front End Loader | G18: =SUM(G19:G44) -> 0 | I18: =IFERROR(G18/H18,0) -> 0 | K18: =SUM(K19:K44) -> 0 | M18: =IFERROR(K18/L18,0) -> 0 | P18: =SUM(P19:P44) -> 0 | Q18: =P18/L18 -> #DIV/0! | T18: =K18-L18 -> 0 | U18: 84.75 | V18: =T18*U18 -> 0 | AH18: =SUM(AH19:AH44) -> #REF! | AI18: =VLOOKUP($B18,'[5]Eqpmnt & MP Days'!$B$4:$H$11,2,0) -> 11.75 | AJ18: =IFERROR(AH18/AI18,"") | AL18: =SUM(AL19:AL44) -> #REF! | AM18: =VLOOKUP($B18,'[5]Eqpmnt & MP Days'!$B$4:$H$11,3,0) -> 282 | AN18: =IFERROR(AL18/AM18,"") | AP18: =SUM(AP19:AP44) -> #REF! | AQ18: =VLOOKUP($B18,'[5]Eqpmnt & MP Days'!$B$4:$H$11,4,0) -> 4.75 | AR18: =IFERROR(AP18/AQ18,"") | AT18: =SUM(AT19:AT44) -> #REF! | AU18: =VLOOKUP($B18,'[5]Eqpmnt & MP Days'!$B$4:$H$11,5,0) -> 114 | AV18: =IFERROR(AT18/AU18,"") | AX18: =SUM(AX19:AX44) -> #REF! | AY18: =VLOOKUP($B18,'[5]Eqpmnt & MP Days'!$B$4:$H$11,6,0) -> 1 | AZ18: =IFERROR(AX18/AY18,"") | BB18: =SUM(BB19:BB44) -> #REF! | BC18: =VLOOKUP($B18,'[5]Eqpmnt & MP Days'!$B$4:$H$11,7,0) -> 24 | BD18: =IFERROR(BB18/BC18,"")
B19: Clearing & grubbing | C19: Sqm/Day | D19: 3000 | E19: Sqm | F19: =F8 -> 0 | G19: =F19/D19 -> 0 | J19: =J8 -> 0 | K19: =J19/D19 -> 0 | O19: 3000 | P19: =J19/O19 -> 0 | AG19: =AG8 -> #REF! | AH19: =AG19/$D19 -> #REF! | AK19: =AK8 -> #REF! | AL19: =AK19/$D19 -> #REF! | AO19: =AO8 -> #REF! | AP19: =AO19/$D19 -> #REF! | AS19: =AS8 -> #REF! | AT19: =AS19/$D19 -> #REF! | AW19: =AW8 -> #REF! | AX19: =AW19/$D19 -> #REF! | BA19: =BA8 -> #REF! | BB19: =BA19/$D19 -> #REF!
B20: Unclassified Excavation | C20: Cum/day | D20: 600 | E20: Cum | F20: =F9 -> 0 | G20: =F20/D20 -> 0 | J20: =J9 -> 0 | K20: =J20/D20 -> 0 | O20: 600 | P20: =J20/O20 -> 0 | AG20: =AG9 -> #REF! | AH20: =AG20/$D20 -> #REF! | AK20: =AK9 -> #REF! | AL20: =AK20/$D20 -> #REF! | AO20: =AO9 -> #REF! | AP20: =AO20/$D20 -> #REF! | AS20: =AS9 -> #REF! | AT20: =AS20/$D20 -> #REF! | AW20: =AW9 -> #REF! | AX20: =AW20/$D20 -> #REF! | BA20: =BA9 -> #REF! | BB20: =BA20/$D20 -> #REF!
B21: Feeding to Tippers (Bar Screen) | C21: Cum/day | D21: 727 | E21: Cum | O21: =D21 -> 727 | P21: =J21/O21 -> 0 | AG21: =AG10*0 -> #REF! | AH21: =AG21/$D21 -> #REF! | AK21: =AK10*0 -> #REF! | AL21: =AK21/$D21 -> #REF! | AO21: =AO10*0 -> #REF! | AP21: =AO21/$D21 -> #REF! | AS21: =AS10*0 -> #REF! | AT21: =AS21/$D21 -> #REF! | AW21: =AW10*0 -> #REF! | AX21: =AW21/$D21 -> #REF! | BA21: =BA10*0 -> #REF! | BB21: =BA21/$D21 -> #REF!
B22: Asphalt Removal | C22: Cum/day | D22: 60 | E22: Cum | AG22: =#REF! -> #REF! | AH22: =AG22/$D22 -> #REF! | AK22: =#REF! -> #REF! | AL22: =AK22/$D22 -> #REF! | AO22: =#REF! -> #REF! | AP22: =AO22/$D22 -> #REF! | AS22: =#REF! -> #REF! | AT22: =AS22/$D22 -> #REF! | AW22: =#REF! -> #REF! | AX22: =AW22/$D22 -> #REF! | BA22: =#REF! -> #REF! | BB22: =BA22/$D22 -> #REF!
B23: Collection of screened material for Embankment | C23: Cum/day | D23: =800/1.1 -> 727.27273 | E23: Cum | O23: 1250 | P23: =J23/O23 -> 0 | AG23: =+AG10 -> #REF! | AH23: =AG23/$D23 -> #REF! | AK23: =AK10 -> #REF! | AL23: =AK23/$D23 -> #REF! | AO23: =+AO10 -> #REF! | AP23: =AO23/$D23 -> #REF! | AS23: =AS10 -> #REF! | AT23: =AS23/$D23 -> #REF! | AW23: =+AW10 -> #REF! | AX23: =AW23/$D23 -> #REF! | BA23: =BA10 -> #REF! | BB23: =BA23/$D23 -> #REF!
B24: Subgrade Preparation in cut | C24: Cum/day | D24: 1000 | E24: Cum | AG24: =#REF! -> #REF! | AH24: =AG24/$D24 -> #REF! | AK24: =#REF! -> #REF! | AL24: =AK24/$D24 -> #REF! | AO24: =#REF! -> #REF! | AP24: =AO24/$D24 -> #REF! | AS24: =#REF! -> #REF! | AT24: =AS24/$D24 -> #REF! | AW24: =#REF! -> #REF! | AX24: =AW24/$D24 -> #REF! | BA24: =#REF! -> #REF! | BB24: =BA24/$D24 -> #REF!
B25: Granular sub base - Extraction & screening | C25: Cum/day | D25: 636 | E25: Cum | O25: 1154 | P25: =J25/O25 -> 0 | AG25: =+AG12 -> #REF! | AH25: =AG25/$D25 -> #REF! | AK25: =+AK12 -> #REF! | AL25: =AK25/$D25 -> #REF! | AO25: =+AO12 -> #REF! | AP25: =AO25/$D25 -> #REF! | AS25: =+AS12 -> #REF! | AT25: =AS25/$D25 -> #REF! | AW25: =+AW12 -> #REF! | AX25: =AW25/$D25 -> #REF! | BA25: =+BA12 -> #REF! | BB25: =BA25/$D25 -> #REF!
B26: ABC - Extraction & screening | C26: Cum/day | D26: 700 | E26: Cum | O26: 1190 | P26: =J26/O26 -> 0 | AG26: =#REF! -> #REF! | AH26: =AG26/$D26 -> #REF! | AK26: =#REF! -> #REF! | AL26: =AK26/$D26 -> #REF! | AO26: =#REF! -> #REF! | AP26: =AO26/$D26 -> #REF! | AS26: =#REF! -> #REF! | AT26: =AS26/$D26 -> #REF! | AW26: =#REF! -> #REF! | AX26: =AW26/$D26 -> #REF! | BA26: =#REF! -> #REF! | BB26: =BA26/$D26 -> #REF!
B27: Loading & Mixing of Embankment material | C27: Cum/day | D27: 700 | E27: Cum | O27: 900 | P27: =J27/O27 -> 0 | AG27: =#REF! -> #REF! | AH27: =AG27/$D27 -> #REF! | AK27: =#REF! -> #REF! | AL27: =AK27/$D27 -> #REF! | AO27: =#REF! -> #REF! | AP27: =AO27/$D27 -> #REF! | AS27: =#REF! -> #REF! | AT27: =AS27/$D27 -> #REF! | AW27: =#REF! -> #REF! | AX27: =AW27/$D27 -> #REF! | BA27: =#REF! -> #REF! | BB27: =BA27/$D27 -> #REF!
B28: Loading & Mixing of GSB material | C28: Cum/day | D28: 900 | E28: Cum | O28: 900 | P28: =J28/O28 -> 0 | AG28: =#REF!+#REF! -> #REF! | AH28: =AG28/$D28 -> #REF! | AK28: =#REF!+#REF! -> #REF! | AL28: =AK28/$D28 -> #REF! | AO28: =#REF!+#REF! -> #REF! | AP28: =AO28/$D28 -> #REF! | AS28: =#REF!+#REF! -> #REF! | AT28: =AS28/$D28 -> #REF! | AW28: =#REF!+#REF! -> #REF! | AX28: =AW28/$D28 -> #REF! | BA28: =#REF!+#REF! -> #REF! | BB28: =BA28/$D28 -> #REF!
B29: ABC - Loading to ABC plant | C29: Cum/day | D29: 700 | E29: Cum | O29: 700 | P29: =J29/O29 -> 0 | AG29: 0 | AH29: =AG29/$D29 -> 0 | AK29: 0 | AL29: =AK29/$D29 -> 0 | AO29: 0 | AP29: =AO29/$D29 -> 0 | AS29: 0 | AT29: =AS29/$D29 -> 0 | AW29: 0 | AX29: =AW29/$D29 -> 0 | BA29: 0 | BB29: =BA29/$D29 -> 0
B30: ABC - Loading to ABC plant | C30: Cum/day | D30: 500 | E30: Cum | O30: 500 | P30: =J30/O30 -> 0 | AG30: =#REF!+#REF! -> #REF! | AH30: =AG30/$D30 -> #REF! | AK30: =#REF!+#REF! -> #REF! | AL30: =AK30/$D30 -> #REF! | AO30: =#REF!+#REF! -> #REF! | AP30: =AO30/$D30 -> #REF! | AS30: =#REF!+#REF! -> #REF! | AT30: =AS30/$D30 -> #REF! | AW30: =#REF!+#REF! -> #REF! | AX30: =AW30/$D30 -> #REF! | BA30: =#REF!+#REF! -> #REF! | BB30: =BA30/$D30 -> #REF!
B31: ABC - Mixing and Loading to site | C31: Cum/day | D31: 550 | E31: Cum | O31: 550 | P31: =J31/O31 -> 0 | AG31: =#REF!+#REF! -> #REF! | AH31: =AG31/$D31 -> #REF! | AK31: =#REF!+#REF! -> #REF! | AL31: =AK31/$D31 -> #REF! | AO31: =#REF!+#REF! -> #REF! | AP31: =AO31/$D31 -> #REF! | AS31: =#REF!+#REF! -> #REF! | AT31: =AS31/$D31 -> #REF! | AW31: =#REF!+#REF! -> #REF! | AX31: =AW31/$D31 -> #REF! | BA31: =#REF!+#REF! -> #REF! | BB31: =BA31/$D31 -> #REF!
B32: BBC/BWC Aggregate borrow excavation | C32: Cum/day | D32: 385 | E32: Cum | O32: 385 | P32: =J32/O32 -> 0 | AG32: =AG14 -> #REF! | AH32: =AG32/$D32 -> #REF! | AK32: =AK14 -> #REF! | AL32: =AK32/$D32 -> #REF! | AO32: =AO14 -> #REF! | AP32: =AO32/$D32 -> #REF! | AS32: =AS14 -> #REF! | AT32: =AS32/$D32 -> #REF! | AW32: =AW14 -> #REF! | AX32: =AW32/$D32 -> #REF! | BA32: =BA14 -> #REF! | BB32: =BA32/$D32 -> #REF!
B33: Maintenance and protection of Trafic | C33: Cum/day | D33: 800 | E33: Cum | O33: 800 | P33: =J33/O33 -> 0 | AH33: =AG33/$D33 -> 0 | AL33: =AK33/$D33 -> 0 | AP33: =AO33/$D33 -> 0 | AT33: =AS33/$D33 -> 0 | AX33: =AW33/$D33 -> 0 | BB33: =BA33/$D33 -> 0
B34: Shoulder preparation | C34: Cum/day | D34: 300 | E34: Cum | O34: 200 | P34: =J34/O34 -> 0 | AH34: =AG34/$D34 -> 0 | AL34: =AK34/$D34 -> 0 | AP34: =AO34/$D34 -> 0 | AT34: =AS34/$D34 -> 0 | AX34: =AW34/$D34 -> 0 | BB34: =BA34/$D34 -> 0
B35: Service ducts | C35: Cum/day | D35: 150 | E35: Cum | O35: 150 | P35: =J35/O35 -> 0 | AG35: =(#REF!+#REF!+#REF!+#REF!+#REF!+#REF!)*0.6 -> #REF! | AH35: =AG35/$D35 -> #REF! | AK35: =#REF!*0.6+#REF!+#REF!+#REF!+#REF!*0.7 -> #REF! | AL35: =AK35/$D35 -> #REF! | AO35: =(#REF!+#REF!+#REF!+#REF!+#REF!+#REF!)*0.6 -> #REF! | AP35: =AO35/$D35 -> #REF! | AS35: =#REF!*0.6+#REF!+#REF!+#REF!+#REF!*0.7 -> #REF! | AT35: =AS35/$D35 -> #REF! | AW35: =(#REF!+#REF!+#REF!+#REF!+#REF!+#REF!)*0.6 -> #REF! | AX35: =AW35/$D35 -> #REF! | BA35: =#REF!*0.6+#REF!+#REF!+#REF!+#REF!*0.7 -> #REF! | BB35: =BA35/$D35 -> #REF!
B36: Structural excavation | C36: Cum/day | D36: 200 | E36: Cum | O36: 200 | P36: =J36/O36 -> 0 | AG36: =#REF!+#REF!+#REF!+#REF! -> #REF! | AH36: =AG36/$D36 -> #REF! | AK36: =#REF!+#REF!+#REF!+#REF! -> #REF! | AL36: =AK36/$D36 -> #REF! | AO36: =#REF!+#REF!+#REF!+#REF! -> #REF! | AP36: =AO36/$D36 -> #REF! | AS36: =#REF!+#REF!+#REF!+#REF! -> #REF! | AT36: =AS36/$D36 -> #REF! | AW36: =#REF!+#REF!+#REF!+#REF! -> #REF! | AX36: =AW36/$D36 -> #REF! | BA36: =#REF!+#REF!+#REF!+#REF! -> #REF! | BB36: =BA36/$D36 -> #REF!
A37: Rock | B37: Crusher works (VSI + Static crusher) | C37: Cum/day | D37: 1000 | E37: Cum | O37: 1000 | P37: =J37/O37 -> 0 | AH37: =AG37/$D37 -> 0 | AL37: =AK37/$D37 -> 0 | AP37: =AO37/$D37 -> 0 | AT37: =AS37/$D37 -> 0 | AX37: =AW37/$D37 -> 0 | BB37: =BA37/$D37 -> 0
B38: Mobile Crusher | C38: Cum/day | D38: 200 | E38: Cum | O38: 550 | P38: =J38/O38 -> 0 | AG38: =(#REF!+#REF!)*0 -> #REF! | AH38: =AG38/$D38 -> #REF! | AK38: =(#REF!+#REF!)*0 -> #REF! | AL38: =AK38/$D38 -> #REF! | AO38: =(#REF!+#REF!)*0 -> #REF! | AP38: =AO38/$D38 -> #REF! | AS38: =(#REF!+#REF!)*0 -> #REF! | AT38: =AS38/$D38 -> #REF! | AW38: =(#REF!+#REF!)*0 -> #REF! | AX38: =AW38/$D38 -> #REF! | BA38: =(#REF!+#REF!)*0 -> #REF! | BB38: =BA38/$D38 -> #REF!
B39: Social Work ( Mussanah MOH) | C39: day | E39: day | P39: =K39 -> 0
B40: Bolder shifting from 19km B/P to Crusher top | C40: Cum/day | D40: 900 | E40: Cum | O40: 900 | P40: =J40/O40 -> 0 | AG40: =AG132 -> 0 | AH40: =AG40/$D40 -> 0 | AK40: =AK132 -> 0 | AL40: =AK40/$D40 -> 0 | AO40: =AO132 -> 0 | AP40: =AO40/$D40 -> 0 | AS40: =AS132 -> 0 | AT40: =AS40/$D40 -> 0 | AW40: =AW132 -> 0 | AX40: =AW40/$D40 -> 0 | BA40: =BA132 -> 0 | BB40: =BA40/$D40 -> 0
B41: Aggregate shifting for VSI from 19km B/p | C41: Cum/day | D41: 900 | E41: Cum | O41: 900 | P41: =J41/O41 -> 0 | AG41: =AG133 -> 0 | AH41: =AG41/$D41 -> 0 | AK41: =AK133 -> 0 | AL41: =AK41/$D41 -> 0 | AO41: =AO133 -> 0 | AP41: =AO41/$D41 -> 0 | AS41: =AS133 -> 0 | AT41: =AS41/$D41 -> 0 | AW41: =AW133 -> 0 | AX41: =AW41/$D41 -> 0 | BA41: =BA133 -> 0 | BB41: =BA41/$D41 -> 0
B42: Dry Aggregate from 19km B/P to ABC stock | C42: Cum/day | D42: 900 | E42: Cum | O42: 900 | P42: =J42/O42 -> 0 | AG42: =AG134 -> 0 | AH42: =AG42/$D42 -> 0 | AK42: =AK134 -> 0 | AL42: =AK42/$D42 -> 0 | AO42: =AO134 -> 0 | AP42: =AO42/$D42 -> 0 | AS42: =AS134 -> 0 | AT42: =AS42/$D42 -> 0 | AW42: =AW134 -> 0 | AX42: =AW42/$D42 -> 0 | BA42: =BA134 -> 0 | BB42: =BA42/$D42 -> 0
B43: Unscreened material from 19km B/P to Crusher ramp | C43: Cum/day | D43: 900 | E43: Cum | O43: 900 | P43: =J43/O43 -> 0 | AG43: =AG135 -> 0 | AH43: =AG43/$D43 -> 0 | AK43: =AK135 -> 0 | AL43: =AK43/$D43 -> 0 | AO43: =AO135 -> 0 | AP43: =AO43/$D43 -> 0 | AS43: =AS135 -> 0 | AT43: =AS43/$D43 -> 0 | AW43: =AW135 -> 0 | AX43: =AW43/$D43 -> 0 | BA43: =BA135 -> 0 | BB43: =BA43/$D43 -> 0
B44: Utilities (Water line relocation work) | C44: day | E44: day | P44: =K44 -> 0
A45: 3 | B45: Motor Grader | G45: =SUM(G46:G58) -> 0 | I45: =IFERROR(G45/H45,0) -> 0 | K45: =SUM(K46:K58) -> 0 | M45: =IFERROR(K45/L45,0) -> 0 | P45: =SUM(P46:P58) -> 0 | Q45: =P45/L45 -> #DIV/0! | T45: =K45-L45 -> 0 | U45: 52.59 | V45: =T45*U45 -> 0 | Y45: =L45/12 -> 0 | AH45: =SUM(AH46:AH58) -> #REF! | AI45: =VLOOKUP($B45,'[5]Eqpmnt & MP Days'!$B$4:$H$11,2,0) -> 5 | AJ45: =IFERROR(AH45/AI45,"") | AL45: =SUM(AL46:AL58) -> #REF! | AM45: =VLOOKUP($B45,'[5]Eqpmnt & MP Days'!$B$4:$H$11,3,0) -> 97 | AN45: =IFERROR(AL45/AM45,"") | AP45: =SUM(AP46:AP58) -> #REF! | AQ45: =VLOOKUP($B45,'[5]Eqpmnt & MP Days'!$B$4:$H$11,4,0) -> 4 | AR45: =IFERROR(AP45/AQ45,"") | AT45: =SUM(AT46:AT58) -> #REF! | AU45: =VLOOKUP($B45,'[5]Eqpmnt & MP Days'!$B$4:$H$11,5,0) -> 111 | AV45: =IFERROR(AT45/AU45,"") | AX45: =SUM(AX46:AX58) -> #REF! | AY45: =VLOOKUP($B45,'[5]Eqpmnt & MP Days'!$B$4:$H$11,6,0) -> 0 | AZ45: =IFERROR(AX45/AY45,"") | BB45: =SUM(BB46:BB58) -> #REF! | BC45: =VLOOKUP($B45,'[5]Eqpmnt & MP Days'!$B$4:$H$11,7,0) -> 0 | BD45: =IFERROR(BB45/BC45,"")
B46: C& G | C46: Sqm/Day | D46: 3000 | E46: Sqm | O46: 3000 | P46: =J46/O46 -> 0 | AG46: =AG19 -> #REF! | AH46: =AG46/$D46 -> #REF! | AK46: =AK19 -> #REF! | AL46: =AK46/$D46 -> #REF! | AO46: =AO19 -> #REF! | AP46: =AO46/$D46 -> #REF! | AS46: =AS19 -> #REF! | AT46: =AS46/$D46 -> #REF! | AW46: =AW19 -> #REF! | AX46: =AW46/$D46 -> #REF! | BA46: =BA19 -> #REF! | BB46: =BA46/$D46 -> #REF!
B47: Unclassified Excavation | C47: Cum/day | D47: 600 | E47: Cum | O47: 600 | P47: =J47/O47 -> 0 | AG47: =AG20 -> #REF! | AH47: =AG47/$D47 -> #REF! | AK47: =AK20 -> #REF! | AL47: =AK47/$D47 -> #REF! | AO47: =AO20 -> #REF! | AP47: =AO47/$D47 -> #REF! | AS47: =AS20 -> #REF! | AT47: =AS47/$D47 -> #REF! | AW47: =AW20 -> #REF! | AX47: =AW47/$D47 -> #REF! | BA47: =BA20 -> #REF! | BB47: =BA47/$D47 -> #REF!
B48: Embankment Laying (MCW) | C48: Cum/day | D48: 700 | E48: Cum | O48: 700 | P48: =J48/O48 -> 0 | AG48: =#REF! -> #REF! | AH48: =AG48/$D48 -> #REF! | AK48: =#REF! -> #REF! | AL48: =AK48/$D48 -> #REF! | AO48: =#REF! -> #REF! | AP48: =AO48/$D48 -> #REF! | AS48: =#REF! -> #REF! | AT48: =AS48/$D48 -> #REF! | AW48: =#REF! -> #REF! | AX48: =AW48/$D48 -> #REF! | BA48: =#REF! -> #REF! | BB48: =BA48/$D48 -> #REF!
B49: Embankment Laying (IC) | C49: Cum/day | D49: 600 | E49: Cum | O49: 600 | P49: =J49/O49 -> 0 | AG49: =#REF! -> #REF! | AH49: =AG49/$D49 -> #REF! | AK49: =#REF! -> #REF! | AL49: =AK49/$D49 -> #REF! | AO49: =#REF! -> #REF! | AP49: =AO49/$D49 -> #REF! | AS49: =#REF! -> #REF! | AT49: =AS49/$D49 -> #REF! | AW49: =#REF! -> #REF! | AX49: =AW49/$D49 -> #REF! | BA49: =#REF! -> #REF! | BB49: =BA49/$D49 -> #REF!
B50: Subgrade Preparation in cut | C50: Sqm/Day | D50: 1000 | E50: Sqm | O50: 1000 | P50: =J50/O50 -> 0 | AG50: =#REF! -> #REF! | AH50: =AG50/$D50 -> #REF! | AK50: =#REF!+#REF! -> #REF! | AL50: =AK50/$D50 -> #REF! | AO50: =#REF! -> #REF! | AP50: =AO50/$D50 -> #REF! | AS50: =#REF!+#REF! -> #REF! | AT50: =AS50/$D50 -> #REF! | AW50: =#REF! -> #REF! | AX50: =AW50/$D50 -> #REF! | BA50: =#REF!+#REF! -> #REF! | BB50: =BA50/$D50 -> #REF!
B51: Maintenance and protection of Trafic | C51: Cum/day | D51: 600 | E51: Cum | O51: 600 | P51: =J51/O51 -> 0 | AH51: =AG51/$D51 -> 0 | AK51: 0 | AL51: =AK51/$D51 -> 0 | AP51: =AO51/$D51 -> 0 | AS51: 0 | AT51: =AS51/$D51 -> 0 | AX51: =AW51/$D51 -> 0 | BA51: 0 | BB51: =BA51/$D51 -> 0
B52: Granular Sub Base Laying | C52: Cum/day | D52: 600 | E52: Cum | O52: 600 | P52: =J52/O52 -> 0 | AG52: =#REF!+#REF! -> #REF! | AH52: =AG52/$D52 -> #REF! | AK52: =#REF!+#REF!+#REF! -> #REF! | AL52: =AK52/$D52 -> #REF! | AO52: =#REF!+#REF! -> #REF! | AP52: =AO52/$D52 -> #REF! | AS52: =#REF!+#REF!+#REF! -> #REF! | AT52: =AS52/$D52 -> #REF! | AW52: =#REF!+#REF! -> #REF! | AX52: =AW52/$D52 -> #REF! | BA52: =#REF!+#REF!+#REF! -> #REF! | BB52: =BA52/$D52 -> #REF!
B53: Shoulder preparation | C53: Cum/day | D53: =300 -> 300 | E53: Cum | O53: 200 | P53: =J53/O53 -> 0 | AH53: =AG53/$D53 -> 0 | AL53: =AK53/$D53 -> 0 | AP53: =AO53/$D53 -> 0 | AT53: =AS53/$D53 -> 0 | AX53: =AW53/$D53 -> 0 | BB53: =BA53/$D53 -> 0
B54: Social Work ( Mussanah MOH) | C54: day | E54: day | P54: 0
B55: Diversions (Sub Base) | C55: Cum/day | D55: 600 | E55: Cum | O55: 400 | P55: =J55/O55 -> 0 | AG55: =#REF! -> #REF! | AH55: =AG55/$D55 -> #REF! | AK55: =#REF! -> #REF! | AL55: =AK55/$D55 -> #REF! | AO55: =#REF! -> #REF! | AP55: =AO55/$D55 -> #REF! | AS55: =#REF! -> #REF! | AT55: =AS55/$D55 -> #REF! | AW55: =#REF! -> #REF! | AX55: =AW55/$D55 -> #REF! | BA55: =#REF! -> #REF! | BB55: =BA55/$D55 -> #REF!
B56: Bed Preparation for Girder Erection | C56: Cum/day | D56: 300 | E56: Cum | AH56: =AG56/$D56 -> 0 | AL56: =AK56/$D56 -> 0 | AP56: =AO56/$D56 -> 0 | AT56: =AS56/$D56 -> 0 | AX56: =AW56/$D56 -> 0 | BB56: =BA56/$D56 -> 0
B57: Culvert Bed preparation | C57: day | E57: day
B58: Access road/Haul road maintenance | C58: day | E58: day | P58: =K58 -> 0
A59: 4 | B59: Excavator | G59: =SUM(G60:G72) -> 0 | I59: =IFERROR(G59/H59,0) -> 0 | K59: =SUM(K60:K72) -> 0 | M59: =IFERROR(K59/L59,0) -> 0 | P59: =SUM(P60:P72) -> 10 | Q59: =P59/L59 -> #DIV/0! | T59: =K59-L59 -> 0 | U59: 35.36 | V59: =T59*U59 -> 0 | Y59: =1676.25 -> 1676.25 | Z59: =2*24*10 -> 480 | AA59: =3*12*10 -> 360 | AH59: =SUM(AH60:AH72) -> #REF! | AI59: =VLOOKUP($B59,'[5]Eqpmnt & MP Days'!$B$4:$H$11,2,0) -> 2.75 | AJ59: =IFERROR(AH59/AI59,"") | AL59: =SUM(AL60:AL72) -> #REF! | AM59: =VLOOKUP($B59,'[5]Eqpmnt & MP Days'!$B$4:$H$11,3,0) -> 66 | AN59: =IFERROR(AL59/AM59,"") | AP59: =SUM(AP60:AP72) -> #REF! | AQ59: =VLOOKUP($B59,'[5]Eqpmnt & MP Days'!$B$4:$H$11,4,0) -> 0 | AR59: =IFERROR(AP59/AQ59,"") | AT59: =SUM(AT60:AT72) -> #REF! | AU59: =VLOOKUP($B59,'[5]Eqpmnt & MP Days'!$B$4:$H$11,5,0) -> 0 | AV59: =IFERROR(AT59/AU59,"") | AX59: =SUM(AX60:AX72) -> #REF! | AY59: =VLOOKUP($B59,'[5]Eqpmnt & MP Days'!$B$4:$H$11,6,0) -> 2 | AZ59: =IFERROR(AX59/AY59,"") | BB59: =SUM(BB60:BB72) -> #REF! | BC59: =VLOOKUP($B59,'[5]Eqpmnt & MP Days'!$B$4:$H$11,7,0) -> 48 | BD59: =IFERROR(BB59/BC59,"")
B60: Unclassified excavation | C60: Cum/day | D60: 300 | E60: Cum | O60: 300 | P60: =J60/O60 -> 0 | AG60: =AG20 -> #REF! | AH60: =AG60/$D60 -> #REF! | AK60: =AK20 -> #REF! | AL60: =AK60/$D60 -> #REF! | AO60: =AO20 -> #REF! | AP60: =AO60/$D60 -> #REF! | AS60: =AS20 -> #REF! | AT60: =AS60/$D60 -> #REF! | AW60: =AW20 -> #REF! | AX60: =AW60/$D60 -> #REF! | BA60: =BA20 -> #REF! | BB60: =BA60/$D60 -> #REF!
B61: Feeding to Power Screen - Emb | C61: Cum/day | D61: 636 | E61: Cum | O61: 1154 | P61: =J61/O61 -> 0 | AG61: =AG10*0.6 -> #REF! | AH61: =AG61/$D61 -> #REF! | AK61: =AK10 -> #REF! | AL61: =AK61/$D61 -> #REF! | AO61: =AO10*0.6 -> #REF! | AP61: =AO61/$D61 -> #REF! | AS61: =AS10 -> #REF! | AT61: =AS61/$D61 -> #REF! | AW61: =AW10*0.6 -> #REF! | AX61: =AW61/$D61 -> #REF! | BA61: =BA10 -> #REF! | BB61: =BA61/$D61 -> #REF!
B62: Embankment slope trimming | C62: Cum/day | D62: 300 | E62: Cum | O62: 200 | P62: =J62/O62 -> 0 | AG62: =AG10*0.06*0 -> #REF! | AH62: =AG62/$D62 -> #REF! | AK62: =AK10*0.06*0 -> #REF! | AL62: =AK62/$D62 -> #REF! | AO62: =AO10*0.06*0 -> #REF! | AP62: =AO62/$D62 -> #REF! | AS62: =AS10*0.06*0 -> #REF! | AT62: =AS62/$D62 -> #REF! | AW62: =AW10*0.06*0 -> #REF! | AX62: =AW62/$D62 -> #REF! | BA62: =BA10*0.06*0 -> #REF! | BB62: =BA62/$D62 -> #REF!
B63: Feeding to power screen - GSB | C63: Cum/day | D63: =700/1.1 -> 636.36364 | E63: Cum | O63: 1154 | P63: =J63/O63 -> 0 | AG63: =AG12 -> #REF! | AH63: =AG63/$D63 -> #REF! | AK63: =AK12 -> #REF! | AL63: =AK63/$D63 -> #REF! | AO63: =AO12 -> #REF! | AP63: =AO63/$D63 -> #REF! | AS63: =AS12 -> #REF! | AT63: =AS63/$D63 -> #REF! | AW63: =AW12 -> #REF! | AX63: =AW63/$D63 -> #REF! | BA63: =BA12 -> #REF! | BB63: =BA63/$D63 -> #REF!
B64: Extraction of ABC | C64: Cum/day | D64: 700 | E64: Cum | O64: 1429 | P64: =J64/O64 -> 0 | AG64: =AG13 -> #REF! | AH64: =AG64/$D64 -> #REF! | AK64: =AK13 -> #REF! | AL64: =AK64/$D64 -> #REF! | AO64: =AO13 -> #REF! | AP64: =AO64/$D64 -> #REF! | AS64: =AS13 -> #REF! | AT64: =AS64/$D64 -> #REF! | AW64: =AW13 -> #REF! | AX64: =AW64/$D64 -> #REF! | BA64: =BA13 -> #REF! | BB64: =BA64/$D64 -> #REF!
B65: Structural excavation | C65: Cum/day | D65: 100 | E65: Cum | O65: 67 | P65: =J65/O65 -> 0 | AG65: =AG36 -> #REF! | AH65: =AG65/$D65 -> #REF! | AK65: =AK36 -> #REF! | AL65: =AK65/$D65 -> #REF! | AO65: =AO36 -> #REF! | AP65: =AO65/$D65 -> #REF! | AS65: =AS36 -> #REF! | AT65: =AS65/$D65 -> #REF! | AW65: =AW36 -> #REF! | AX65: =AW65/$D65 -> #REF! | BA65: =BA36 -> #REF! | BB65: =BA65/$D65 -> #REF!
B66: Feeding to Crusher-ABC | C66: Cum/day | D66: 700 | E66: Cum | O66: 700 | P66: =J66/O66 -> 0 | AG66: =#REF!*0 -> #REF! | AH66: =AG66/$D66 -> #REF! | AK66: =#REF!*0 -> #REF! | AL66: =AK66/$D66 -> #REF! | AO66: =#REF!*0 -> #REF! | AP66: =AO66/$D66 -> #REF! | AS66: =#REF!*0 -> #REF! | AT66: =AS66/$D66 -> #REF! | AW66: =#REF!*0 -> #REF! | AX66: =AW66/$D66 -> #REF! | BA66: =#REF!*0 -> #REF! | BB66: =BA66/$D66 -> #REF!
B67: BBC/BWC Aggregate borrow excavation | C67: Cum/day | D67: 385 | E67: Cum | O67: 192 | P67: =J67/O67 -> 0 | AG67: =AG32 -> #REF! | AH67: =AG67/$D67 -> #REF! | AK67: =AK32 -> #REF! | AL67: =AK67/$D67 -> #REF! | AO67: =AO32 -> #REF! | AP67: =AO67/$D67 -> #REF! | AS67: =AS32 -> #REF! | AT67: =AS67/$D67 -> #REF! | AW67: =AW32 -> #REF! | AX67: =AW67/$D67 -> #REF! | BA67: =BA32 -> #REF! | BB67: =BA67/$D67 -> #REF!
B68: Excavation for storm sewer | C68: Cum/day | D68: 50 | E68: Cum | O68: 50 | P68: =J68/O68 -> 0 | AG68: =(#REF!+#REF!)*1.8 -> #REF! | AH68: =AG68/$D68 -> #REF! | AK68: =(#REF!+#REF!)*1.8 -> #REF! | AL68: =AK68/$D68 -> #REF! | AO68: =(#REF!+#REF!)*1.8 -> #REF! | AP68: =AO68/$D68 -> #REF! | AS68: =(#REF!+#REF!)*1.8 -> #REF! | AT68: =AS68/$D68 -> #REF! | AW68: =(#REF!+#REF!)*1.8 -> #REF! | AX68: =AW68/$D68 -> #REF! | BA68: =(#REF!+#REF!)*1.8 -> #REF! | BB68: =BA68/$D68 -> #REF!
B69: Breaking of boulders in Wadi | C69: Cum/day | E69: Cum | O69: 200 | P69: =J69/O69 -> 0 | AG69: =AG61*0.05*0 -> #REF! | AK69: =AG69*2 -> #REF! | AO69: =AO61*0.05*0 -> #REF! | AS69: =AO69*2 -> #REF! | AW69: =AW61*0.05*0 -> #REF! | BA69: =AW69*2 -> #REF!
B70: Extraction for static crusher | C70: Cum/day | E70: Cum
B71: Rip Rap Bed preparation | C71: Sqm/Day | D71: 100 | E71: Sqm | O71: 500 | P71: 10 | AG71: =#REF!/0.3 -> #REF! | AH71: =AG71/$D71 -> #REF! | AK71: =#REF!/0.3 -> #REF! | AL71: =AK71/$D71 -> #REF! | AO71: =#REF!/0.3 -> #REF! | AP71: =AO71/$D71 -> #REF! | AS71: =#REF!/0.3 -> #REF! | AT71: =AS71/$D71 -> #REF! | AW71: =#REF!/0.3 -> #REF! | AX71: =AW71/$D71 -> #REF! | BA71: =#REF!/0.3 -> #REF! | BB71: =BA71/$D71 -> #REF!
B72: Removal of loose riprap | C72: Cum/day | D72: 40 | E72: Cum | O72: 40 | P72: =F72/O72 -> 0 | AH72: =AG72/$D72 -> 0 | AL72: =AK72/$D72 -> 0 | AP72: =AO72/$D72 -> 0 | AT72: =AS72/$D72 -> 0 | AX72: =AW72/$D72 -> 0 | BB72: =BA72/$D72 -> 0
A73: 5 | B73: Vibratory Roller | G73: =SUM(G74:G87) -> 0 | I73: =IFERROR(G73/H73,0) -> 0 | K73: =SUM(K74:K87) -> 0 | M73: =IFERROR(K73/L73,0) -> 0 | P73: =SUM(P74:P87) -> 1 | Q73: =P73/L73 -> #DIV/0! | T73: =K73-L73 -> 0 | U73: 14.56 | V73: =T73*U73 -> 0 | AH73: =SUM(AH74:AH87) -> #REF! | AI73: =VLOOKUP($B73,'[5]Eqpmnt & MP Days'!$B$4:$H$11,2,0) -> 6 | AJ73: =IFERROR(AH73/AI73,"") | AL73: =SUM(AL74:AL87) -> #REF! | AM73: =VLOOKUP($B73,'[5]Eqpmnt & MP Days'!$B$4:$H$11,3,0) -> 127 | AN73: =IFERROR(AL73/AM73,"") | AP73: =SUM(AP74:AP87) -> #REF! | AQ73: =VLOOKUP($B73,'[5]Eqpmnt & MP Days'!$B$4:$H$11,4,0) -> 7 | AR73: =IFERROR(AP73/AQ73,"") | AT73: =SUM(AT74:AT87) -> #REF! | AU73: =VLOOKUP($B73,'[5]Eqpmnt & MP Days'!$B$4:$H$11,5,0) -> 171 | AV73: =IFERROR(AT73/AU73,"") | AX73: =SUM(AX74:AX87) -> #REF! | AY73: =VLOOKUP($B73,'[5]Eqpmnt & MP Days'!$B$4:$H$11,6,0) -> 0 | AZ73: =IFERROR(AX73/AY73,"") | BB73: =SUM(BB74:BB87) -> #REF! | BC73: =VLOOKUP($B73,'[5]Eqpmnt & MP Days'!$B$4:$H$11,7,0) -> 0 | BD73: =IFERROR(BB73/BC73,"")
B74: C&G | C74: Sqm/Day | D74: 3000 | E74: Sqm | O74: 3000 | P74: =J74/O74 -> 0 | AG74: =AG46 -> #REF! | AH74: =AG74/$D74 -> #REF! | AK74: =AK46 -> #REF! | AL74: =AK74/$D74 -> #REF! | AO74: =AO46 -> #REF! | AP74: =AO74/$D74 -> #REF! | AS74: =AS46 -> #REF! | AT74: =AS74/$D74 -> #REF! | AW74: =AW46 -> #REF! | AX74: =AW74/$D74 -> #REF! | BA74: =BA46 -> #REF! | BB74: =BA74/$D74 -> #REF!
B75: Unclassified Excavation | C75: Cum/day | D75: 600 | E75: Cum | O75: 600 | P75: =J75/O75 -> 0 | AG75: =AG60 -> #REF! | AH75: =AG75/$D75 -> #REF! | AK75: =AK60 -> #REF! | AL75: =AK75/$D75 -> #REF! | AO75: =AO60 -> #REF! | AP75: =AO75/$D75 -> #REF! | AS75: =AS60 -> #REF! | AT75: =AS75/$D75 -> #REF! | AW75: =AW60 -> #REF! | AX75: =AW75/$D75 -> #REF! | BA75: =BA60 -> #REF! | BB75: =BA75/$D75 -> #REF!
B76: Embankment Laying (MCW) | C76: Cum/day | D76: 700 | E76: Cum | O76: 700 | P76: =J76/O76 -> 0 | AG76: =AG48 -> #REF! | AH76: =AG76/$D76 -> #REF! | AK76: =AK48 -> #REF! | AL76: =AK76/$D76 -> #REF! | AO76: =AO48 -> #REF! | AP76: =AO76/$D76 -> #REF! | AS76: =AS48 -> #REF! | AT76: =AS76/$D76 -> #REF! | AW76: =AW48 -> #REF! | AX76: =AW76/$D76 -> #REF! | BA76: =BA48 -> #REF! | BB76: =BA76/$D76 -> #REF!
B77: Embankment Laying (IC) | C77: Cum/day | D77: 600 | E77: Cum | O77: 600 | P77: =J77/O77 -> 0 | AG77: =AG49 -> #REF! | AH77: =AG77/$D77 -> #REF! | AK77: =AK49 -> #REF! | AL77: =AK77/$D77 -> #REF! | AO77: =AO49 -> #REF! | AP77: =AO77/$D77 -> #REF! | AS77: =AS49 -> #REF! | AT77: =AS77/$D77 -> #REF! | AW77: =AW49 -> #REF! | AX77: =AW77/$D77 -> #REF! | BA77: =BA49 -> #REF! | BB77: =BA77/$D77 -> #REF!
B78: Granular Sub Base | C78: Cum/day | D78: 600 | E78: Cum | O78: 600 | P78: =J78/O78 -> 0 | AG78: =AG52 -> #REF! | AH78: =AG78/$D78 -> #REF! | AK78: =AK52 -> #REF! | AL78: =AK78/$D78 -> #REF! | AO78: =AO52 -> #REF! | AP78: =AO78/$D78 -> #REF! | AS78: =AS52 -> #REF! | AT78: =AS78/$D78 -> #REF! | AW78: =AW52 -> #REF! | AX78: =AW78/$D78 -> #REF! | BA78: =BA52 -> #REF! | BB78: =BA78/$D78 -> #REF!
B79: Aggregate Base Course | C79: Cum/day | D79: 550 | E79: Cum | O79: 550 | P79: =J79/O79 -> 0 | AG79: =#REF!+#REF!+#REF! -> #REF! | AH79: =AG79/$D79 -> #REF! | AK79: =#REF!+#REF! -> #REF! | AL79: =AK79/$D79 -> #REF! | AO79: =#REF!+#REF!+#REF! -> #REF! | AP79: =AO79/$D79 -> #REF! | AS79: =#REF!+#REF! -> #REF! | AT79: =AS79/$D79 -> #REF! | AW79: =#REF!+#REF!+#REF! -> #REF! | AX79: =AW79/$D79 -> #REF! | BA79: =#REF!+#REF! -> #REF! | BB79: =BA79/$D79 -> #REF!
B80: Subgrade Preparation in cut | C80: Cum/day | D80: 1000 | E80: Cum | AG80: =AG50 -> #REF! | AH80: =AG80/$D80 -> #REF! | AK80: =AK50 -> #REF! | AL80: =AK80/$D80 -> #REF! | AO80: =AO50 -> #REF! | AP80: =AO80/$D80 -> #REF! | AS80: =AS50 -> #REF! | AT80: =AS80/$D80 -> #REF! | AW80: =AW50 -> #REF! | AX80: =AW80/$D80 -> #REF! | BA80: =BA50 -> #REF! | BB80: =BA80/$D80 -> #REF!
B81: Maintenance and protection of Trafic | C81: Cum/day | D81: 600 | E81: Cum | O81: 600 | P81: =J81/O81 -> 0 | AG81: =AG51 -> 0 | AH81: =AG81/$D81 -> 0 | AK81: =AK51 -> 0 | AL81: =AK81/$D81 -> 0 | AO81: =AO51 -> 0 | AP81: =AO81/$D81 -> 0 | AS81: =AS51 -> 0 | AT81: =AS81/$D81 -> 0 | AW81: =AW51 -> 0 | AX81: =AW81/$D81 -> 0 | BA81: =BA51 -> 0 | BB81: =BA81/$D81 -> 0
B82: Shoulder preparation | C82: Cum/day | D82: =300 -> 300 | E82: Cum | O82: =300*0 -> 0 | P82: 1 | AG82: =AG53 -> 0 | AH82: =AG82/$D82 -> 0 | AK82: =AK53 -> 0 | AL82: =AK82/$D82 -> 0 | AO82: =AO53 -> 0 | AP82: =AO82/$D82 -> 0 | AS82: =AS53 -> 0 | AT82: =AS82/$D82 -> 0 | AW82: =AW53 -> 0 | AX82: =AW82/$D82 -> 0 | BA82: =BA53 -> 0 | BB82: =BA82/$D82 -> 0
B83: Social Work ( Mussanah MOH) | C83: day | E83: day
B84: Diversions | C84: Cum/day | D84: 400 | E84: Cum | O84: 400 | P84: =J84/O84 -> 0 | AG84: =AG55*0 -> #REF! | AH84: =AG84/$D84 -> #REF! | AK84: =AK55*0 -> #REF! | AL84: =AK84/$D84 -> #REF! | AO84: =AO55*0 -> #REF! | AP84: =AO84/$D84 -> #REF! | AS84: =AS55*0 -> #REF! | AT84: =AS84/$D84 -> #REF! | AW84: =AW55*0 -> #REF! | AX84: =AW84/$D84 -> #REF! | BA84: =BA55*0 -> #REF! | BB84: =BA84/$D84 -> #REF!
B85: Culvert Bed preparation | C85: day | E85: day
B86: Foundation Prepration | C86: Sqm/Day | D86: 4000 | E86: Sqm | O86: 4000 | P86: =J86/O86 -> 0 | AH86: =AG86/$D86 -> 0 | AL86: =AK86/$D86 -> 0 | AP86: =AO86/$D86 -> 0 | AT86: =AS86/$D86 -> 0 | AX86: =AW86/$D86 -> 0 | BB86: =BA86/$D86 -> 0
B87: Service/ Access road maintenance | C87: day | E87: day | P87: =K87 -> 0
A88: 6 | B88: Water Tanker | G88: =SUM(G89:G112) -> 0 | I88: =IFERROR(G88/H88,0) -> 0 | K88: =SUM(K89:K112) -> 0 | M88: =IFERROR(K88/L88,0) -> 0 | P88: =SUM(P89:P112) -> 0 | Q88: =P88/L88 -> #DIV/0! | T88: =K88-L88 -> 0 | U88: 32.25 | V88: =T88*U88 -> 0 | Y88: =367/12 -> 30.583333 | AA88: 2355.75 | AH88: =SUM(AH89:AH112) -> #REF! | AI88: =VLOOKUP($B88,'[5]Eqpmnt & MP Days'!$B$4:$H$11,2,0) -> 7.25 | AJ88: =IFERROR(AH88/AI88,"") | AL88: =SUM(AL89:AL112) -> #REF! | AM88: =VLOOKUP($B88,'[5]Eqpmnt & MP Days'!$B$4:$H$11,3,0) -> 174 | AN88: =IFERROR(AL88/AM88,"") | AP88: =SUM(AP89:AP112) -> #REF! | AQ88: =VLOOKUP($B88,'[5]Eqpmnt & MP Days'!$B$4:$H$11,4,0) -> 5.5 | AR88: =IFERROR(AP88/AQ88,"") | AT88: =SUM(AT89:AT112) -> #REF! | AU88: =VLOOKUP($B88,'[5]Eqpmnt & MP Days'!$B$4:$H$11,5,0) -> 132 | AV88: =IFERROR(AT88/AU88,"") | AX88: =SUM(AX89:AX112) -> #REF! | AY88: =VLOOKUP($B88,'[5]Eqpmnt & MP Days'!$B$4:$H$11,6,0) -> 1 | AZ88: =IFERROR(AX88/AY88,"") | BB88: =SUM(BB89:BB112) -> #REF! | BC88: =VLOOKUP($B88,'[5]Eqpmnt & MP Days'!$B$4:$H$11,7,0) -> 24 | BD88: =IFERROR(BB88/BC88,"")
B89: Clearing & grubbing | C89: Sqm/Day | D89: 3000 | E89: Sqm | O89: 3000 | P89: =J89/O89 -> 0 | AA89: 620 | AG89: =AG46 -> #REF! | AH89: =AG89/$D89 -> #REF! | AK89: =AK46 -> #REF! | AL89: =AK89/$D89 -> #REF! | AO89: =AO46 -> #REF! | AP89: =AO89/$D89 -> #REF! | AS89: =AS46 -> #REF! | AT89: =AS89/$D89 -> #REF! | AW89: =AW46 -> #REF! | AX89: =AW89/$D89 -> #REF! | BA89: =BA46 -> #REF! | BB89: =BA89/$D89 -> #REF!
B90: Unclassified Excavation | C90: Cum/day | D90: 400 | E90: Cum | O90: 400 | P90: =J90/O90 -> 0 | AA90: 598.5 | AG90: =AG75 -> #REF! | AH90: =AG90/$D90 -> #REF! | AK90: =AK75 -> #REF! | AL90: =AK90/$D90 -> #REF! | AO90: =AO75 -> #REF! | AP90: =AO90/$D90 -> #REF! | AS90: =AS75 -> #REF! | AT90: =AS90/$D90 -> #REF! | AW90: =AW75 -> #REF! | AX90: =AW90/$D90 -> #REF! | BA90: =BA75 -> #REF! | BB90: =BA90/$D90 -> #REF!
B91: Subgrade Preparation in cut | C91: Cum/day | D91: 1000 | E91: Cum | O91: 1000 | P91: =J91/O91 -> 0 | AG91: =#REF! -> #REF! | AH91: =AG91/$D91 -> #REF! | AK91: =#REF! -> #REF! | AL91: =AK91/$D91 -> #REF! | AO91: =#REF! -> #REF! | AP91: =AO91/$D91 -> #REF! | AS91: =#REF! -> #REF! | AT91: =AS91/$D91 -> #REF! | AW91: =#REF! -> #REF! | AX91: =AW91/$D91 -> #REF! | BA91: =#REF! -> #REF! | BB91: =BA91/$D91 -> #REF!
B92: Loading and Mixing of Embankment Material | C92: Cum/day | D92: 900 | E92: Cum | O92: 700 | P92: =J92/O92 -> 0 | AG92: =AG27 -> #REF! | AH92: =AG92/$D92 -> #REF! | AK92: =#REF! -> #REF! | AL92: =AK92/$D92 -> #REF! | AO92: =AO27 -> #REF! | AP92: =AO92/$D92 -> #REF! | AS92: =#REF! -> #REF! | AT92: =AS92/$D92 -> #REF! | AW92: =AW27 -> #REF! | AX92: =AW92/$D92 -> #REF! | BA92: =#REF! -> #REF! | BB92: =BA92/$D92 -> #REF!
B93: Laying of Embankment Material | C93: Cum/day | D93: 700 | E93: Cum | O93: 700 | P93: =J93/O93 -> 0 | AG93: =AG76+AG77 -> #REF! | AH93: =AG93/$D93 -> #REF! | AK93: =AK76+AK77 -> #REF! | AL93: =AK93/$D93 -> #REF! | AO93: =AO76+AO77 -> #REF! | AP93: =AO93/$D93 -> #REF! | AS93: =AS76+AS77 -> #REF! | AT93: =AS93/$D93 -> #REF! | AW93: =AW76+AW77 -> #REF! | AX93: =AW93/$D93 -> #REF! | BA93: =BA76+BA77 -> #REF! | BB93: =BA93/$D93 -> #REF!
B94: Mixing of GSB Material | C94: Cum/day | D94: 600 | E94: Cum | O94: 600 | P94: =J94/O94 -> 0 | AG94: =AG28 -> #REF! | AH94: =AG94/$D94 -> #REF! | AK94: =AK28 -> #REF! | AL94: =AK94/$D94 -> #REF! | AO94: =AO28 -> #REF! | AP94: =AO94/$D94 -> #REF! | AS94: =AS28 -> #REF! | AT94: =AS94/$D94 -> #REF! | AW94: =AW28 -> #REF! | AX94: =AW94/$D94 -> #REF! | BA94: =BA28 -> #REF! | BB94: =BA94/$D94 -> #REF!
B95: Laying of Granular Sub Base | C95: Cum/day | D95: 600 | E95: Cum | O95: 600 | P95: =J95/O95 -> 0 | AG95: =AG78 -> #REF! | AH95: =AG95/$D95 -> #REF! | AK95: =AK78 -> #REF! | AL95: =AK95/$D95 -> #REF! | AO95: =AO78 -> #REF! | AP95: =AO95/$D95 -> #REF! | AS95: =AS78 -> #REF! | AT95: =AS95/$D95 -> #REF! | AW95: =AW78 -> #REF! | AX95: =AW95/$D95 -> #REF! | BA95: =BA78 -> #REF! | BB95: =BA95/$D95 -> #REF!
B96: Mixing of ABC material | C96: Cum/day | D96: 550 | E96: Cum | O96: 550 | P96: =J96/O96 -> 0 | AH96: =AG96/$D96 -> 0 | AK96: =AK124 -> #REF! | AL96: =AK96/$D96 -> #REF! | AP96: =AO96/$D96 -> 0 | AS96: =AS124 -> #REF! | AT96: =AS96/$D96 -> #REF! | AX96: =AW96/$D96 -> 0 | BA96: =BA124 -> #REF! | BB96: =BA96/$D96 -> #REF!
B97: Laying & Compaction of ABC | C97: Cum/day | D97: 550 | E97: Cum | O97: 550 | P97: =J97/O97 -> 0 | AG97: =AG79 -> #REF! | AH97: =AG97/$D97 -> #REF! | AK97: =AK79 -> #REF! | AL97: =AK97/$D97 -> #REF! | AO97: =AO79 -> #REF! | AP97: =AO97/$D97 -> #REF! | AS97: =AS79 -> #REF! | AT97: =AS97/$D97 -> #REF! | AW97: =AW79 -> #REF! | AX97: =AW97/$D97 -> #REF! | BA97: =BA79 -> #REF! | BB97: =BA97/$D97 -> #REF!
B98: ABC - Crusher area - Dust suppression | C98: Cum/day | D98: 550 | E98: Cum | O98: 550 | P98: =J98/O98 -> 0 | AH98: =AG98/$D98 -> 0 | AL98: =AK98/$D98 -> 0 | AP98: =AO98/$D98 -> 0 | AT98: =AS98/$D98 -> 0 | AX98: =AW98/$D98 -> 0 | BB98: =BA98/$D98 -> 0
B99: BBC/BWC Aggregate borrow excavation | C99: Cum/day | D99: =1000/(1.6*1.3) -> 480.76923 | E99: Cum | O99: 481 | P99: =J99/O99 -> 0 | AG99: =AG32 -> #REF! | AH99: =AG99/$D99 -> #REF! | AK99: =AK32 -> #REF! | AL99: =AK99/$D99 -> #REF! | AO99: =AO32 -> #REF! | AS99: =AS32 -> #REF! | AW99: =AW32 -> #REF! | AX99: =AW99/$D99 -> #REF! | BA99: =BA32 -> #REF! | BB99: =BA99/$D99 -> #REF!
B100: BBC/BWC laying | C100: Cum/day | D100: 300 | E100: Cum | O100: 300 | P100: =J100/O100 -> 0 | AG100: =AG99 -> #REF! | AH100: =AG100/$D100 -> #REF! | AK100: =AK99 -> #REF! | AL100: =AK100/$D100 -> #REF! | AO100: =AO99 -> #REF! | AS100: =AS99 -> #REF! | AW100: =AW99 -> #REF! | AX100: =AW100/$D100 -> #REF! | BA100: =BA99 -> #REF! | BB100: =BA100/$D100 -> #REF!
B101: Foundation Preparation for Culverts | C101: sqm/day | D101: 150 | E101: sqm | O101: =200*0 -> 0 | AH101: =AG101/$D101 -> 0 | AL101: =AK101/$D101 -> 0 | AP101: =AO101/$D101 -> 0 | AT101: =AS101/$D101 -> 0 | AX101: =AW101/$D101 -> 0 | BB101: =BA101/$D101 -> 0
...

Sheet Manpower utilization
G1: Work days | H1: ='Plant utilization'!H1 -> xxxx | K1: Date : | L1: ='Plant utilization'!K1 -> xxxx | AC1: T SWAMY | AK1: NAGARAJAN | AS1: A.K. SINGH
A2: ='Plant utilization'!A2 -> Resource Capacity Utilization Report -Month xxxx | J2: Project Name : | BC2: =30/0.6 -> 50
A3: S.No. | B3: Description | C3: Budget | E3: Unit | F3: Actual (For the day) | J3: Cumulative (For the month) | O3: Remarks | R3: Site conditions (Actual f.t. Month) | AC3: Actual (For the day) | AG3: Cumulative (For the month) | AK3: Actual (For the day) | AO3: Cumulative (For the month) | AS3: Actual (For the day) | AW3: Cumulative (For the month)
C4: Unit | D4: Prod'vity Norm | F4: Work done Quantity for the day | G4: Budgeted Days | H4: Actual Days | I4: % of Utiliz'tn | J4: Cumulative Work done | K4: Budgeted Days | L4: Actual Days | M4: Actual Prod'vity | N4: % of Utiliz'tn | R4: Prod'vity Norm | S4: Budgeted Days | T4: % Utiliz'tn (Actual) | AC4: Work done Quantity for the day | AD4: Budgeted Days | AE4: Actual Days | AF4: % of Utiliz'tn | AG4: Cumulative Work done | AH4: Budgeted Days | AI4: Projected Days | AJ4: % of Utiliz'tn | AK4: Work done Quantity for the day | AL4: Budgeted Days | AM4: Actual Days | AN4: % of Utiliz'tn | AO4: Cumulative Work done | AP4: Budgeted Days | AQ4: Projected Days | AR4: % of Utiliz'tn | AS4: Work done Quantity for the day | AT4: Budgeted Days | AU4: Actual Days | AV4: % of Utiliz'tn | AW4: Cumulative Work done | AX4: Budgeted Days | AY4: Projected Days | AZ4: % of Utiliz'tn
A7: 1 | B7: Mason | G7: =SUM(G8:G27) -> 0 | I7: =IFERROR(G7/H7,0) -> 0 | K7: =SUM(K8:K27) -> 0 | N7: =IFERROR(L7/M7,0) -> 0 | S7: =SUM(S8:S27) -> 0 | T7: =S7/L7 -> #DIV/0! | AD7: =SUM(AD8:AD27) -> #REF! | AE7: =VLOOKUP($B7,'[5]Eqpmnt & MP Days'!$B$14:$H$17,2,0) -> 2 | AF7: =IFERROR(AD7/AE7,"") | AH7: =SUM(AH8:AH27) -> #REF! | AI7: =VLOOKUP($B7,'[5]Eqpmnt & MP Days'!$B$14:$H$17,3,0) -> 56 | AJ7: =IFERROR(AH7/AI7,"") | AL7: =SUM(AL8:AL27) -> #REF! | AM7: =VLOOKUP($B7,'[5]Eqpmnt & MP Days'!$B$14:$H$17,4,0) -> 0 | AN7: =IFERROR(AL7/AM7,"") | AP7: =SUM(AP8:AP27) -> #REF! | AQ7: =VLOOKUP($B7,'[5]Eqpmnt & MP Days'!$B$14:$H$17,5,0) -> 0 | AR7: =IFERROR(AP7/AQ7,"") | AT7: =SUM(AT8:AT27) -> #REF! | AU7: =VLOOKUP($B7,'[5]Eqpmnt & MP Days'!$B$14:$H$17,6,0) -> 37 | AV7: =IFERROR(AT7/AU7,"") | AX7: =SUM(AX8:AX27) -> #REF! | AY7: =VLOOKUP($B7,'[5]Eqpmnt & MP Days'!$B$14:$H$17,7,0) -> 1006 | AZ7: =IFERROR(AX7/AY7,"") | BB7: Week1 | BC7: Week2 | BD7: Week3 | BE7: Week4 | BH7: Week1 | BI7: Week2 | BJ7: Week3 | BK7: Week4
B8: Blinding | C8: Cum/day | D8: 8 | E8: Cum | M8: =J8/L8 -> #DIV/0! | R8: 8 | S8: =J8/R8 -> 0 | AC8: =#REF!+#REF! -> #REF! | AD8: =AC8/D8 -> #REF! | AG8: =#REF!+#REF! -> #REF! | AH8: =AG8/D8 -> #REF! | AK8: =#REF!+#REF! -> #REF! | AL8: =AK8/$D8 -> #REF! | AO8: =#REF!+#REF! -> #REF! | AP8: =AO8/D8 -> #REF! | AS8: =#REF!+#REF! -> #REF! | AT8: =AS8/$D8 -> #REF! | AW8: =#REF!+#REF! -> #REF! | AX8: =AW8/$D8 -> #REF! | BB8: =#REF!+#REF! -> #REF! | BC8: =#REF!+#REF! -> #REF! | BD8: =#REF!+#REF! -> #REF! | BE8: =#REF!+#REF! -> #REF! | BF8: =SUM(BB8:BE8) -> #REF! | BG8: =J8-BF8 -> #REF! | BH8: =BB8/$D8 -> #REF! | BI8: =BC8/$D8 -> #REF! | BJ8: =BD8/$D8 -> #REF! | BK8: =BE8/$D8 -> #REF!
B9: Box Culvert- C30/20 | C9: Cum/day | D9: 7 | E9: Cum | M9: =J9/L9 -> #DIV/0! | R9: 7 | S9: =J9/R9 -> 0 | AC9: =#REF!+#REF! -> #REF! | AD9: =AC9/D9 -> #REF! | AG9: =#REF!+#REF! -> #REF! | AH9: =AG9/D9 -> #REF! | AK9: =#REF!+#REF! -> #REF! | AL9: =AK9/$D9 -> #REF! | AO9: =#REF!+#REF! -> #REF! | AP9: =AO9/D9 -> #REF! | AS9: =#REF!+#REF! -> #REF! | AT9: =AS9/$D9 -> #REF! | AW9: =#REF!+#REF! -> #REF! | AX9: =AW9/$D9 -> #REF! | BB9: =#REF!+#REF! -> #REF! | BC9: =#REF!+#REF! -> #REF! | BD9: =#REF!+#REF! -> #REF! | BE9: =#REF!+#REF! -> #REF! | BF9: =SUM(BB9:BE9) -> #REF! | BG9: =J9-BF9 -> #REF! | BH9: =BB9/$D9 -> #REF! | BI9: =BC9/$D9 -> #REF! | BJ9: =BD9/$D9 -> #REF! | BK9: =BE9/$D9 -> #REF!
B10: Bituminous paint | C10: Sqm/day | D10: 10 | E10: Sqm | R10: 10 | S10: =J10/R10 -> 0 | AC10: =#REF!+#REF! -> #REF! | AD10: =AC10/D10 -> #REF! | AG10: =#REF!+#REF! -> #REF! | AH10: =AG10/D10 -> #REF! | AK10: =#REF!+#REF! -> #REF! | AO10: =#REF!+#REF! -> #REF! | AP10: =AO10/D10 -> #REF! | AS10: =#REF!+#REF! -> #REF! | AT10: =AS10/$D10 -> #REF! | AW10: =#REF!*0.5+#REF! -> #REF! | AX10: =AW10/$D10 -> #REF! | BB10: =#REF!+#REF! -> #REF! | BC10: =#REF!+#REF! -> #REF! | BD10: =#REF!+#REF! -> #REF! | BE10: =#REF!+#REF! -> #REF! | BF10: =SUM(BB10:BE10) -> #REF! | BG10: =J10-BF10 -> #REF! | BH10: =BB10/$D10 -> #REF! | BI10: =BC10/$D10 -> #REF! | BJ10: =BD10/$D10 -> #REF! | BK10: =BE10/$D10 -> #REF!
B11: Bridges-C30/20 (Retaining Wall) | C11: Cum/day | D11: 7 | E11: Cum | M11: =J11/L11 -> #DIV/0! | R11: 7 | S11: =J11/R11 -> 0 | AC11: =#REF!+#REF! -> #REF! | AD11: =AC11/D11 -> #REF! | AG11: =#REF!+#REF! -> #REF! | AH11: =AG11/D11 -> #REF! | AK11: =#REF!+#REF! -> #REF! | AL11: =AK11/$D11 -> #REF! | AO11: =#REF!+#REF! -> #REF! | AP11: =AO11/D11 -> #REF! | AS11: =#REF!+#REF! -> #REF! | AT11: =AS11/$D11 -> #REF! | AW11: =#REF!+#REF! -> #REF! | AX11: =AW11/$D11 -> #REF! | BB11: =#REF!+#REF! -> #REF! | BC11: =#REF!+#REF! -> #REF! | BD11: =#REF!+#REF! -> #REF! | BE11: =#REF!+#REF! -> #REF! | BF11: =SUM(BB11:BE11) -> #REF! | BG11: =J11-BF11 -> #REF! | BH11: =BB11/$D11 -> #REF! | BI11: =BC11/$D11 -> #REF! | BJ11: =BD11/$D11 -> #REF! | BK11: =BE11/$D11 -> #REF!
B12: Bridges-C30/20 (Bridge) | C12: Cum/day | D12: 5 | E12: Cum | R12: 4 | S12: =J12/R12 -> 0 | AC12: =#REF!+#REF!+#REF!+#REF!+#REF!+#REF! -> #REF! | AD12: =AC12/D12 -> #REF! | AG12: =#REF!+#REF!+#REF!+#REF!+#REF!+#REF! -> #REF! | AH12: =AG12/D12 -> #REF! | AK12: =#REF!+#REF!+#REF!+#REF!+#REF!+#REF! -> #REF! | AL12: =AK12/$D12 -> #REF! | AO12: =#REF!+#REF!+#REF!+#REF!+#REF!+#REF! -> #REF! | AP12: =AO12/D12 -> #REF! | AS12: =#REF!+#REF!+#REF!+#REF!+#REF!+#REF! -> #REF! | AT12: =AS12/$D12 -> #REF! | AW12: =#REF!+#REF!+#REF!+#REF!+#REF!+#REF! -> #REF! | AX12: =AW12/$D12 -> #REF! | BB12: =#REF!+#REF!+#REF!+#REF!+#REF!+#REF! -> #REF! | BC12: =#REF!+#REF!+#REF!+#REF!+#REF!+#REF! -> #REF! | BD12: =#REF!+#REF!+#REF!+#REF!+#REF!+#REF! -> #REF! | BE12: =#REF!+#REF!+#REF!+#REF!+#REF!+#REF! -> #REF! | BF12: =SUM(BB12:BE12) -> #REF! | BG12: =J12-BF12 -> #REF! | BH12: =BB12/$D12 -> #REF! | BI12: =BC12/$D12 -> #REF! | BJ12: =BD12/$D12 -> #REF! | BK12: =BE12/$D12 -> #REF!
B13: Bridges-C45/20 (Bridge Girders) | C13: Cum/day | D13: 8 | E13: Cum | R13: 8 | S13: =J13/R13 -> 0 | AC13: =#REF! -> #REF! | AD13: =AC13/D13 -> #REF! | AG13: =#REF! -> #REF! | AH13: =AG13/D13 -> #REF! | AK13: =#REF! -> #REF! | AL13: =AK13/$D13 -> #REF! | AO13: =#REF! -> #REF! | AP13: =AO13/D13 -> #REF! | AS13: =#REF! -> #REF! | AT13: =AS13/$D13 -> #REF! | AW13: =#REF! -> #REF! | AX13: =AW13/$D13 -> #REF! | BB13: =#REF! -> #REF! | BC13: =#REF! -> #REF! | BD13: =#REF! -> #REF! | BE13: =#REF! -> #REF! | BF13: =SUM(BB13:BE13) -> #REF! | BG13: =J13-BF13 -> #REF! | BH13: =BB13/$D13 -> #REF! | BI13: =BC13/$D13 -> #REF! | BJ13: =BD13/$D13 -> #REF! | BK13: =BE13/$D13 -> #REF!
B14: Storm Sewer HDPE Pipe | C14: linm/day | D14: 3.5 | E14: linm | R14: 5 | S14: =J14/R14 -> 0 | AC14: =#REF!*0.375+#REF!*0.6 -> #REF! | AD14: =AC14/D14 -> #REF! | AG14: =#REF!*0.375+#REF!*0.6 -> #REF! | AH14: =AG14/D14 -> #REF! | AK14: =#REF!*0.375+#REF!*0.6 -> #REF! | AL14: =AK14/$D14 -> #REF! | AO14: =#REF!*0.375+#REF!*0.6 -> #REF! | AP14: =AO14/D14 -> #REF! | AS14: =#REF!*0.375+#REF!*0.6 -> #REF! | AT14: =AS14/$D14 -> #REF! | AW14: =#REF!*0.375+#REF!*0.6 -> #REF! | AX14: =AW14/$D14 -> #REF! | BB14: =#REF!*0.375+#REF! -> #REF! | BC14: =#REF!*0.375+#REF! -> #REF! | BD14: =#REF!*0.375+#REF! -> #REF! | BE14: =#REF!*0.375+#REF! -> #REF! | BF14: =SUM(BB14:BE14) -> #REF! | BG14: =J14-BF14 -> #REF! | BH14: =BB14/$D14 -> #REF! | BI14: =BC14/$D14 -> #REF! | BJ14: =BD14/$D14 -> #REF! | BK14: =BE14/$D14 -> #REF!
B15: Precasting of Barrier works | C15: Cum/day | D15: 5 | E15: Cum | R15: 5 | S15: =J15/R15 -> 0 | AC15: =#REF!*0.41 -> #REF! | AD15: =AC15/D15 -> #REF! | AG15: =#REF!*0.41 -> #REF! | AH15: =AG15/D15 -> #REF! | AK15: =#REF!*0.41 -> #REF! | AL15: =AK15/$D15 -> #REF! | AO15: =#REF!*0.41 -> #REF! | AP15: =AO15/D15 -> #REF! | AS15: =#REF!*0.41 -> #REF! | AT15: =AS15/$D15 -> #REF! | AW15: =#REF!*0.41 -> #REF! | AX15: =AW15/$D15 -> #REF! | BB15: =#REF!*0.41 -> #REF! | BC15: =#REF!*0.41 -> #REF! | BD15: =#REF!*0.41 -> #REF! | BE15: =#REF!*0.41 -> #REF! | BF15: =SUM(BB15:BE15) -> #REF! | BG15: =J15-BF15 -> #REF! | BH15: =BB15/$D15 -> #REF! | BI15: =BC15/$D15 -> #REF! | BJ15: =BD15/$D15 -> #REF! | BK15: =BE15/$D15 -> #REF!
B16: Precasting of Water Line Slab works | C16: Cum/day | D16: 5 | E16: Cum | R16: 5 | S16: =J16/R16 -> 0 | AC16: =#REF!*0.16 -> #REF! | AD16: =AC16/D16 -> #REF! | AG16: =#REF!*0.16 -> #REF! | AH16: =AG16/D16 -> #REF! | AK16: =#REF!*0.16 -> #REF! | AL16: =AK16/$D16 -> #REF! | AO16: =#REF!*0.16 -> #REF! | AP16: =AO16/D16 -> #REF! | AS16: =#REF!*0.16 -> #REF! | AT16: =AS16/$D16 -> #REF! | AW16: =#REF!*0.16 -> #REF! | AX16: =AW16/$D16 -> #REF! | BB16: =#REF!*0.16 -> #REF! | BC16: =#REF!*0.16 -> #REF! | BD16: =#REF!*0.16 -> #REF! | BE16: =#REF!*0.16 -> #REF! | BF16: =SUM(BB16:BE16) -> #REF! | BG16: =J16-BF16 -> #REF! | BH16: =BB16/$D16 -> #REF! | BI16: =BC16/$D16 -> #REF! | BJ16: =BD16/$D16 -> #REF! | BK16: =BE16/$D16 -> #REF!
B17: 100mm dia UPVC Pipe | C17: Cum/day | D17: 5 | E17: Cum | R17: 5 | S17: =J17/R17 -> 0 | AC17: =#REF!*0.4 -> #REF! | AD17: =AC17/D17 -> #REF! | AG17: =#REF!*0.4 -> #REF! | AH17: =AG17/D17 -> #REF! | AK17: =#REF!*0.4 -> #REF! | AL17: =AK17/$D17 -> #REF! | AO17: =#REF!*0.4 -> #REF! | AP17: =AO17/D17 -> #REF! | AS17: =#REF!*0.4 -> #REF! | AT17: =AS17/$D17 -> #REF! | AW17: =#REF!*0.4 -> #REF! | AX17: =AW17/$D17 -> #REF! | BB17: =#REF!*0.4 -> #REF! | BC17: =#REF!*0.4 -> #REF! | BD17: =#REF!*0.4 -> #REF! | BE17: =#REF!*0.4 -> #REF! | BF17: =SUM(BB17:BE17) -> #REF! | BG17: =J17-BF17 -> #REF! | BH17: =BB17/$D17 -> #REF! | BI17: =BC17/$D17 -> #REF! | BJ17: =BD17/$D17 -> #REF! | BK17: =BE17/$D17 -> #REF!
B18: Service Duct (100 mm dia) | C18: Cum/day | D18: 4 | E18: Cum | R18: 4 | S18: =J18/R18 -> 0 | AC18: =#REF!*0.28 -> #REF! | AD18: =AC18/D18 -> #REF! | AG18: =#REF!*0.28 -> #REF! | AH18: =AG18/D18 -> #REF! | AK18: =#REF!*0.28 -> #REF! | AL18: =AK18/$D18 -> #REF! | AO18: =#REF!*0.28 -> #REF! | AP18: =AO18/D18 -> #REF! | AS18: =#REF!*0.28 -> #REF! | AT18: =AS18/$D18 -> #REF! | AW18: =#REF!*0.28 -> #REF! | AX18: =AW18/$D18 -> #REF! | BB18: =#REF!*0.28 -> #REF! | BC18: =#REF!*0.28 -> #REF! | BD18: =#REF!*0.28 -> #REF! | BE18: =#REF!*0.28 -> #REF! | BF18: =SUM(BB18:BE18) -> #REF! | BG18: =J18-BF18 -> #REF! | BH18: =BB18/$D18 -> #REF! | BI18: =BC18/$D18 -> #REF! | BJ18: =BD18/$D18 -> #REF! | BK18: =BE18/$D18 -> #REF!
B19: Service Duct(150 mm dia) | C19: Cum/day | D19: 4 | E19: Cum | R19: 4 | S19: =J19/R19 -> 0 | U19: =1.2*1.5*0.2 -> 0.36 | AC19: =#REF!*0.3*0 -> #REF! | AD19: =AC19/D19 -> #REF! | AG19: =#REF!*0.3 -> #REF! | AH19: =AG19/D19 -> #REF! | AK19: =#REF!*0.3 -> #REF! | AL19: =AK19/$D19 -> #REF! | AO19: =#REF!*0.3 -> #REF! | AP19: =AO19/D19 -> #REF! | AS19: =#REF!*0.3 -> #REF! | AT19: =AS19/$D19 -> #REF! | AW19: =#REF!*0.3 -> #REF! | AX19: =AW19/$D19 -> #REF! | BB19: =#REF!*0.3 -> #REF! | BC19: =#REF!*0.3 -> #REF! | BD19: =#REF!*0.3 -> #REF! | BE19: =#REF!*0.3 -> #REF! | BF19: =SUM(BB19:BE19) -> #REF! | BG19: =J19-BF19 -> #REF! | BH19: =BB19/$D19 -> #REF! | BI19: =BC19/$D19 -> #REF! | BJ19: =BD19/$D19 -> #REF! | BK19: =BE19/$D19 -> #REF!
B20: Waterline protection works | C20: Cum/day | D20: 4 | E20: Cum | R20: 4 | S20: =J20/R20 -> 0 | U20: 1.2 | V20: 0.36 | W20: =V20/U20 -> 0.3 | AC20: =#REF!*0.3 -> #REF! | AD20: =AC20/D20 -> #REF! | AG20: =#REF!*0.3 -> #REF! | AH20: =AG20/D20 -> #REF! | AK20: =#REF!*0.3 -> #REF! | AL20: =AK20/$D20 -> #REF! | AO20: =#REF!*0.3 -> #REF! | AP20: =AO20/D20 -> #REF! | AS20: =#REF!*0.3 -> #REF! | AT20: =AS20/$D20 -> #REF! | AW20: =#REF!*0.3 -> #REF! | AX20: =AW20/$D20 -> #REF! | BB20: =#REF!*0.3 -> #REF! | BC20: =#REF!*0.3 -> #REF! | BD20: =#REF!*0.3 -> #REF! | BE20: =#REF!*0.3 -> #REF! | BF20: =SUM(BB20:BE20) -> #REF! | BG20: =J20-BF20 -> #REF! | BH20: =BB20/$D20 -> #REF! | BI20: =BC20/$D20 -> #REF! | BJ20: =BD20/$D20 -> #REF! | BK20: =BE20/$D20 -> #REF!
B21: Bed Preparation (Culvert) | C21: sqm/day | D21: 10 | E21: Sqm | R21: 10 | S21: =J21/R21 -> 0 | AC21: =AC8/0.1*0.5 -> #REF! | AD21: =AC21/D21 -> #REF! | AG21: =AG8/0.1 -> #REF! | AH21: =AG21/D21 -> #REF! | AK21: =AK8/0.1*0.5 -> #REF! | AL21: =AK21/$D21 -> #REF! | AO21: =AO8/0.1 -> #REF! | AP21: =AO21/D21 -> #REF! | AS21: =AS8/0.1*0.5 -> #REF! | AT21: =AS21/$D21 -> #REF! | AW21: =AW8/0.1 -> #REF! | AX21: =AW21/$D21 -> #REF! | BB21: =BB8/0.1 -> #REF! | BC21: =BC8/0.1 -> #REF! | BD21: =BD8/0.1 -> #REF! | BE21: =BE8/0.1 -> #REF! | BF21: =SUM(BB21:BE21) -> #REF! | BG21: =J21-BF21 -> #REF! | BH21: =BB21/$D21 -> #REF! | BI21: =BC21/$D21 -> #REF! | BJ21: =BD21/$D21 -> #REF! | BK21: =BE21/$D21 -> #REF!
B22: Riprap Work (Bed Preparation) | C22: sqm/day | D22: 100 | E22: sqm | S22: =K22 -> 0 | U22: 3 | V22: 1.23 | W22: =V22/U22 -> 0.41 | AC22: =#REF!/0.3*0 -> #REF! | AD22: =AC22/D22 -> #REF! | AG22: =#REF!/0.3 -> #REF! | AH22: =AG22/D22 -> #REF! | AK22: =#REF!/0.3 -> #REF! | AL22: =AK22/$D22 -> #REF! | AO22: =#REF!/0.3 -> #REF! | AP22: =AO22/D22 -> #REF! | AS22: =#REF!/0.3 -> #REF! | AT22: =AS22/$D22 -> #REF! | AW22: =#REF!/0.3 -> #REF! | AX22: =AW22/$D22 -> #REF! | BB22: =#REF!/0.3 -> #REF! | BC22: =#REF!/0.3 -> #REF! | BD22: =#REF!/0.3 -> #REF! | BE22: =#REF!/0.3 -> #REF! | BF22: =SUM(BB22:BE22) -> #REF! | BG22: =J22-BF22 -> #REF! | BH22: =BB22/$D22 -> #REF! | BI22: =BC22/$D22 -> #REF! | BJ22: =BD22/$D22 -> #REF! | BK22: =BE22/$D22 -> #REF!
B23: MSE Wall Casting | C23: sqm/day | D23: 17 | E23: Sqm | AC23: =#REF! -> #REF! | AD23: =AC23/D23 -> #REF! | AG23: =#REF! -> #REF! | AH23: =AG23/D23 -> #REF! | AK23: =#REF! -> #REF! | AL23: =AK23/$D23 -> #REF! | AO23: =#REF! -> #REF! | AP23: =AO23/D23 -> #REF! | AS23: =#REF! -> #REF! | AT23: =AS23/$D23 -> #REF! | AW23: =#REF! -> #REF! | AX23: =AW23/$D23 -> #REF! | BB23: =#REF! -> #REF! | BC23: =#REF! -> #REF! | BD23: =#REF! -> #REF! | BE23: =#REF! -> #REF! | BF23: =SUM(BB23:BE23) -> #REF! | BG23: =J23-BF23 -> #REF! | BH23: =BB23/$D23 -> #REF! | BI23: =BC23/$D23 -> #REF! | BJ23: =BD23/$D23 -> #REF! | BK23: =BE23/$D23 -> #REF!
B24: MSE Wall Erection | C24: sqm/day | D24: 20 | E24: Sqm | BB24: =#REF! -> #REF! | BC24: =#REF! -> #REF! | BD24: =#REF! -> #REF! | BE24: =#REF! -> #REF! | BF24: =SUM(BB24:BE24) -> #REF! | BG24: =J24-BF24 -> #REF! | BH24: =BB24/$D24 -> #REF! | BI24: =BC24/$D24 -> #REF! | BJ24: =BD24/$D24 -> #REF! | BK24: =BE24/$D24 -> #REF!
B25: Catchpit (Type A) | C25: Nr | D25: 1 | E25: Nr | AC25: =#REF! -> #REF! | AD25: =AC25/D25 -> #REF! | AG25: =#REF! -> #REF! | AH25: =AG25/D25 -> #REF! | AK25: =#REF! -> #REF! | AL25: =AK25/$D25 -> #REF! | AO25: =#REF! -> #REF! | AP25: =AO25/D25 -> #REF! | AS25: =#REF! -> #REF! | AT25: =AS25/$D25 -> #REF! | AW25: =#REF! -> #REF! | AX25: =AW25/$D25 -> #REF! | BB25: =#REF! -> #REF! | BC25: =#REF! -> #REF! | BD25: =#REF! -> #REF! | BE25: =#REF! -> #REF! | BF25: =SUM(BB25:BE25) -> #REF! | BG25: =J25-BF25 -> #REF! | BH25: =BB25/$D25 -> #REF! | BI25: =BC25/$D25 -> #REF! | BJ25: =BD25/$D25 -> #REF! | BK25: =BE25/$D25 -> #REF!
B26: Cover block making (Camp casting yard) | D26: 400 | E26: nos | R26: 400 | S26: =J26/R26 -> 0 | AC26: =(AC9+AC11+AC12+AC13)*10 -> #REF! | AD26: =AC26/D26 -> #REF! | AG26: =(AG9+AG11+AG12+AG13)*10 -> #REF! | AH26: =AG26/D26 -> #REF! | AK26: =(AK9+AK11+AK12+AK13)*10 -> #REF! | AL26: =AK26/$D26 -> #REF! | AO26: =(AO9+AO11+AO12+AO13)*10 -> #REF! | AP26: =AO26/D26 -> #REF! | AS26: =(AS9+AS11+AS12+AS13)*10 -> #REF! | AT26: =AS26/$D26 -> #REF! | AW26: =(AW9+AW11+AW12+AW13)*10 -> #REF! | AX26: =AW26/$D26 -> #REF! | BB26: =(BB9+BB11+BB12+BB13)*10 -> #REF! | BC26: =(BC9+BC11+BC12+BC13)*10 -> #REF! | BD26: =(BD9+BD11+BD12+BD13)*10 -> #REF! | BE26: =(BE9+BE11+BE12+BE13)*10 -> #REF! | BF26: =SUM(BB26:BE26) -> #REF! | BG26: =J26-BF26 -> #REF! | BH26: =BB26/$D26 -> #REF! | BI26: =BC26/$D26 -> #REF! | BJ26: =BD26/$D26 -> #REF! | BK26: =BE26/$D26 -> #REF!
B27: Camp Work | E27: nos | S27: =K27 -> 0 | BF27: =SUM(BB27:BE27) -> 0 | BG27: =J27-BF27 -> 0 | BH27: =$G$27*6 -> 0 | BI27: =BH27 -> 0
A28: 2 | B28: Carpenter | G28: =SUM(G29:G46) -> 0 | I28: =IFERROR(G28/H28,0) -> 0 | K28: =SUM(K29:K46) -> 0 | N28: =IFERROR(L28/M28,0) -> 0 | P28: =L28/26 -> 0 | S28: =SUM(S29:S46) -> 0 | T28: =S28/L28 -> #DIV/0! | AD28: =SUM(AD29:AD46) -> #REF! | AE28: =VLOOKUP($B28,'[5]Eqpmnt & MP Days'!$B$14:$H$17,2,0) -> 11 | AF28: =IFERROR(AD28/AE28,"") | AH28: =SUM(AH29:AH46) -> #REF! | AI28: =VLOOKUP($B28,'[5]Eqpmnt & MP Days'!$B$14:$H$17,3,0) -> 308 | AJ28: =IFERROR(AH28/AI28,"") | AL28: =SUM(AL29:AL46) -> #REF! | AM28: =VLOOKUP($B28,'[5]Eqpmnt & MP Days'!$B$14:$H$17,4,0) -> 4 | AN28: =IFERROR(AL28/AM28,"") | AP28: =SUM(AP29:AP46) -> #REF! | AQ28: =VLOOKUP($B28,'[5]Eqpmnt & MP Days'!$B$14:$H$17,5,0) -> 112 | AR28: =IFERROR(AP28/AQ28,"") | AT28: =SUM(AT29:AT46) -> #REF! | AU28: =VLOOKUP($B28,'[5]Eqpmnt & MP Days'!$B$14:$H$17,6,0) -> 132 | AV28: =IFERROR(AT28/AU28,"") | AX28: =SUM(AX29:AX46) -> #REF! | AY28: =VLOOKUP($B28,'[5]Eqpmnt & MP Days'!$B$14:$H$17,7,0) -> 3501 | AZ28: =IFERROR(AX28/AY28,"") | BF28: =SUM(BB28:BE28) -> 0 | BG28: =J28-BF28 -> 0
B29: Blinding | C29: Cum/day | D29: 6 | E29: Cum | M29: =J29/L29 -> #DIV/0! | R29: 6 | S29: =J29/R29 -> 0 | AC29: =AC8 -> #REF! | AD29: =AC29/D29 -> #REF! | AG29: =AG8 -> #REF! | AH29: =AG29/D29 -> #REF! | AK29: =AK8 -> #REF! | AL29: =AK29/$D29 -> #REF! | AO29: =AO8 -> #REF! | AP29: =AO29/D29 -> #REF! | AS29: =AS8 -> #REF! | AT29: =AS29/$D29 -> #REF! | AW29: =AW8 -> #REF! | AX29: =AW29/$D29 -> #REF! | BB29: =BB8 -> #REF! | BC29: =BC8 -> #REF! | BD29: =BD8 -> #REF! | BE29: =BE8 -> #REF! | BF29: =SUM(BB29:BE29) -> #REF! | BG29: =J29-BF29 -> #REF! | BH29: =BB29/$D29 -> #REF! | BI29: =BC29/$D29 -> #REF! | BJ29: =BD29/$D29 -> #REF! | BK29: =BE29/$D29 -> #REF!
B30: Box Culvert- C30/20 | C30: Sqm/day | D30: 3.5 | E30: Sqm | M30: =J30/L30 -> #DIV/0! | R30: 3.5 | S30: =J30/R30 -> 0 | AC30: =AC9*3.5 -> #REF! | AD30: =AC30/D30 -> #REF! | AG30: =AG9*3.5 -> #REF! | AH30: =AG30/D30 -> #REF! | AK30: =AK9*3.5 -> #REF! | AL30: =AK30/$D30 -> #REF! | AO30: =AO9*3.5 -> #REF! | AP30: =AO30/D30 -> #REF! | AS30: =AS9*3.5 -> #REF! | AT30: =AS30/$D30 -> #REF! | AW30: =AW9*3.5 -> #REF! | AX30: =AW30/$D30 -> #REF! | BB30: =BB9*3.5 -> #REF! | BC30: =BC9*3.5 -> #REF! | BD30: =BD9*3.5 -> #REF! | BE30: =BE9*3.5 -> #REF! | BF30: =SUM(BB30:BE30) -> #REF! | BG30: =J30-BF30 -> #REF! | BH30: =BB30/$D30 -> #REF! | BI30: =BC30/$D30 -> #REF! | BJ30: =BD30/$D30 -> #REF! | BK30: =BE30/$D30 -> #REF!
B31: Bridges-C30/20 (Retaining Wall) | C31: Sqm/day | D31: 4 | E31: Sqm | R31: 4 | S31: =J31/R31 -> 0 | AC31: =AC11*3.5 -> #REF! | AD31: =AC31/D31 -> #REF! | AG31: =AG11*3.5 -> #REF! | AH31: =AG31/D31 -> #REF! | AK31: =AK11*3.5 -> #REF! | AL31: =AK31/$D31 -> #REF! | AO31: =AO11*3.5 -> #REF! | AP31: =AO31/D31 -> #REF! | AS31: =AS11*3.5 -> #REF! | AT31: =AS31/$D31 -> #REF! | AW31: =AW11*3.5 -> #REF! | AX31: =AW31/$D31 -> #REF! | BB31: =BB11*3.5 -> #REF! | BC31: =BC11*3.5 -> #REF! | BD31: =BD11*3.5 -> #REF! | BE31: =BE11*3.5 -> #REF! | BF31: =SUM(BB31:BE31) -> #REF! | BG31: =J31-BF31 -> #REF! | BH31: =BB31/$D31 -> #REF! | BI31: =BC31/$D31 -> #REF! | BJ31: =BD31/$D31 -> #REF! | BK31: =BE31/$D31 -> #REF!
B32: Bridges-C30/20 | C32: Sqm/day | D32: 4 | E32: sqm | M32: =J32/L32 -> #DIV/0! | R32: 4 | S32: =J32/R32 -> 0 | AC32: =AC12*4 -> #REF! | AD32: =AC32/D32 -> #REF! | AG32: =AG12*4 -> #REF! | AH32: =AG32/D32 -> #REF! | AK32: =AK12*4 -> #REF! | AL32: =AK32/$D32 -> #REF! | AO32: =AO12*4 -> #REF! | AP32: =AO32/D32 -> #REF! | AS32: =AS12*4 -> #REF! | AT32: =AS32/$D32 -> #REF! | AW32: =AW12*4 -> #REF! | AX32: =AW32/$D32 -> #REF! | BB32: =BB12*4 -> #REF! | BC32: =BC12*4 -> #REF! | BD32: =BD12*4 -> #REF! | BE32: =BE12*4 -> #REF! | BF32: =SUM(BB32:BE32) -> #REF! | BG32: =J32-BF32 -> #REF! | BH32: =BB32/$D32 -> #REF! | BI32: =BC32/$D32 -> #REF! | BJ32: =BD32/$D32 -> #REF! | BK32: =BE32/$D32 -> #REF!
B33: Scaffolding Works | C33: Cum/day | D33: 20 | E33: Cum | R33: 20 | S33: =J33/R33 -> 0 | AC33: =(AC9+AC12)*7*0.4 -> #REF! | AD33: =AC33/D33 -> #REF! | AG33: =(AG9+AG12)*7*0.4 -> #REF! | AH33: =AG33/D33 -> #REF! | AK33: =(AK9+AK12)*7*0.4 -> #REF! | AL33: =AK33/$D33 -> #REF! | AO33: =(AO9+AO12)*7*0.4 -> #REF! | AP33: =AO33/D33 -> #REF! | AS33: =(AS9+AS12)*7*0.4 -> #REF! | AT33: =AS33/$D33 -> #REF! | AW33: =(AW9+AW12)*7*0.4 -> #REF! | AX33: =AW33/$D33 -> #REF! | BB33: =(BB9+BB12)*7*0.3 -> #REF! | BC33: =(BC9+BC12)*7*0.3 -> #REF! | BD33: =(BD9+BD12)*7*0.3 -> #REF! | BE33: =(BE9+BE12)*7*0.3 -> #REF! | BF33: =SUM(BB33:BE33) -> #REF! | BG33: =J33-BF33 -> #REF! | BH33: =BB33/$D33 -> #REF! | BI33: =BC33/$D33 -> #REF! | BJ33: =BD33/$D33 -> #REF! | BK33: =BE33/$D33 -> #REF!
B34: RJR erection - Bridges & Ics | C34: Cum/day | D34: 10 | E34: Cum | R34: 20 | S34: =J34/R34 -> 0 | AC34: =AC12*7 -> #REF! | AD34: =AC34/D34 -> #REF! | AG34: =AG12*7 -> #REF! | AH34: =AG34/D34 -> #REF! | AK34: =AK12*7 -> #REF! | AL34: =AK34/$D34 -> #REF! | AO34: =AO12*7 -> #REF! | AP34: =AO34/D34 -> #REF! | AS34: =AS12*7 -> #REF! | AT34: =AS34/$D34 -> #REF! | AW34: =AW12*7 -> #REF! | AX34: =AW34/$D34 -> #REF! | BB34: =BB12 -> #REF! | BC34: =BC12 -> #REF! | BD34: =BD12 -> #REF! | BE34: =BE12 -> #REF! | BF34: =SUM(BB34:BE34) -> #REF! | BG34: =J34-BF34 -> #REF! | BH34: =BB34/$D34 -> #REF! | BI34: =BC34/$D34 -> #REF! | BJ34: =BD34/$D34 -> #REF! | BK34: =BE34/$D34 -> #REF!
B35: Storm Sewer HDPE Pipe | C35: linm/day | D35: 3.5 | E35: linm | R35: 8 | S35: =J35/R35 -> 0 | AC35: =AC14 -> #REF! | AD35: =AC35/D35 -> #REF! | AG35: =AG14 -> #REF! | AH35: =AG35/D35 -> #REF! | AK35: =AK14 -> #REF! | AL35: =AK35/$D35 -> #REF! | AO35: =AO14 -> #REF! | AP35: =AO35/D35 -> #REF! | AS35: =AS14 -> #REF! | AT35: =AS35/$D35 -> #REF! | AW35: =AW14 -> #REF! | AX35: =AW35/$D35 -> #REF! | BB35: =BB14 -> #REF! | BC35: =BC14 -> #REF! | BD35: =BD14 -> #REF! | BE35: =BE14 -> #REF! | BF35: =SUM(BB35:BE35) -> #REF! | BG35: =J35-BF35 -> #REF! | BH35: =BB35/$D35 -> #REF! | BI35: =BC35/$D35 -> #REF! | BJ35: =BD35/$D35 -> #REF! | BK35: =BE35/$D35 -> #REF!
B36: 100mm dia UPVC Pipe | C36: Sqm/day | D36: 5 | E36: Sqm | R36: 5 | S36: =J36/R36 -> 0 | AC36: =AC17 -> #REF! | AD36: =AC36/D36 -> #REF! | AG36: =AG17 -> #REF! | AH36: =AG36/D36 -> #REF! | AK36: =AK17 -> #REF! | AL36: =AK36/$D36 -> #REF! | AO36: =AO17 -> #REF! | AP36: =AO36/D36 -> #REF! | AS36: =AS17 -> #REF! | AT36: =AS36/$D36 -> #REF! | AW36: =AW17 -> #REF! | AX36: =AW36/$D36 -> #REF! | BB36: =BB17 -> #REF! | BC36: =BC17 -> #REF! | BD36: =BD17 -> #REF! | BE36: =BE17 -> #REF! | BF36: =SUM(BB36:BE36) -> #REF! | BG36: =J36-BF36 -> #REF! | BH36: =BB36/$D36 -> #REF! | BI36: =BC36/$D36 -> #REF! | BJ36: =BD36/$D36 -> #REF! | BK36: =BE36/$D36 -> #REF!
B37: Barrier Precasting | C37: Sqm/day | D37: 4 | E37: Sqm | R37: 4 | S37: =J37/R37 -> 0 | AC37: =#REF!*3.67 -> #REF! | AD37: =AC37/D37 -> #REF! | AG37: =#REF!*3.67 -> #REF! | AH37: =AG37/D37 -> #REF! | AK37: =#REF!*3.67 -> #REF! | AL37: =AK37/$D37 -> #REF! | AO37: =#REF!*3.67 -> #REF! | AP37: =AO37/D37 -> #REF! | AS37: =#REF!*3.67 -> #REF! | AT37: =AS37/$D37 -> #REF! | AW37: =#REF!*3.67 -> #REF! | AX37: =AW37/$D37 -> #REF! | BB37: =#REF!*3.67 -> #REF! | BC37: =#REF!*3.67 -> #REF! | BD37: =#REF!*3.67 -> #REF! | BE37: =#REF!*3.67 -> #REF! | BF37: =SUM(BB37:BE37) -> #REF! | BG37: =J37-BF37 -> #REF! | BH37: =BB37/$D37 -> #REF! | BI37: =BC37/$D37 -> #REF! | BJ37: =BD37/$D37 -> #REF! | BK37: =BE37/$D37 -> #REF!
B38: Waterline protection works - Precasting | C38: sqm/day | D38: 2 | E38: Sqm | R38: 2 | S38: =J38/R38 -> 0 | AC38: =#REF!*0.8 -> #REF! | AD38: =AC38/D38 -> #REF! | AG38: =#REF!*0.8 -> #REF! | AH38: =AG38/D38 -> #REF! | AK38: =#REF!*0.8 -> #REF! | AL38: =AK38/$D38 -> #REF! | AO38: =#REF!*0.8 -> #REF! | AP38: =AO38/D38 -> #REF! | AS38: =#REF!*0.8 -> #REF! | AT38: =AS38/$D38 -> #REF! | AW38: =#REF!*0.8 -> #REF! | AX38: =AW38/$D38 -> #REF! | BB38: =#REF!*0.8 -> #REF! | BC38: =#REF!*0.8 -> #REF! | BD38: =#REF!*0.8 -> #REF! | BE38: =#REF!*0.8 -> #REF! | BF38: =SUM(BB38:BE38) -> #REF! | BG38: =J38-BF38 -> #REF! | BH38: =BB38/$D38 -> #REF! | BI38: =BC38/$D38 -> #REF! | BJ38: =BD38/$D38 -> #REF! | BK38: =BE38/$D38 -> #REF!
B39: Water bar , Dowel Bar Fixing | C39: Cum/day | D39: 30 | E39: Cum | R39: 30 | S39: =J39/R39 -> 0 | AC39: =AC9 -> #REF! | AD39: =AC39/D39 -> #REF! | AG39: =AG9 -> #REF! | AH39: =AG39/D39 -> #REF! | AK39: =AK9 -> #REF! | AL39: =AK39/$D39 -> #REF! | AO39: =AO9 -> #REF! | AP39: =AO39/D39 -> #REF! | AS39: =AS9 -> #REF! | AT39: =AS39/$D39 -> #REF! | AW39: =AW9 -> #REF! | AX39: =AW39/$D39 -> #REF! | BB39: =BB9 -> #REF! | BC39: =BC9 -> #REF! | BD39: =BD9 -> #REF! | BE39: =BE9 -> #REF! | BF39: =SUM(BB39:BE39) -> #REF! | BG39: =J39-BF39 -> #REF! | BH39: =BB39/$D39 -> #REF! | BI39: =BC39/$D39 -> #REF! | BJ39: =BD39/$D39 -> #REF! | BK39: =BE39/$D39 -> #REF!
B40: Bridge deck void formers 700mm dia. | C40: Linm | D40: 3 | E40: linm | AC40: =AC59 -> #REF! | AD40: =AC40/D40 -> #REF! | AG40: =AG59 -> #REF! | AH40: =AG40/D40 -> #REF! | AK40: =AK59 -> #REF! | AL40: =AK40/$D40 -> #REF! | AO40: =AO59 -> #REF! | AP40: =AO40/D40 -> #REF! | AS40: =AS59 -> #REF! | AT40: =AS40/$D40 -> #REF! | AW40: =AW59 -> #REF! | AX40: =AW40/$D40 -> #REF! | BB40: =BB59 -> #REF! | BC40: =BC59 -> #REF! | BD40: =BD59 -> #REF! | BE40: =BE59 -> #REF! | BF40: =SUM(BB40:BE40) -> #REF! | BG40: =J40-BF40 -> #REF! | BH40: =BB40/$D40 -> #REF! | BI40: =BC40/$D40 -> #REF! | BJ40: =BD40/$D40 -> #REF! | BK40: =BE40/$D40 -> #REF!
B41: MSE Wall Casting | C41: sqm/day | D41: 17 | E41: Sqm | AC41: =AC23 -> #REF! | AD41: =AC41/D41 -> #REF! | AG41: =AG23 -> #REF! | AH41: =AG41/D41 -> #REF! | AK41: =AK23 -> #REF! | AL41: =AK41/$D41 -> #REF! | AO41: =AO23 -> #REF! | AP41: =AO41/D41 -> #REF! | AS41: =AS23 -> #REF! | AT41: =AS41/$D41 -> #REF! | AW41: =AW23 -> #REF! | AX41: =AW41/$D41 -> #REF! | BB41: =BB23 -> #REF! | BC41: =BC23 -> #REF! | BD41: =BD23 -> #REF! | BE41: =BE23 -> #REF! | BF41: =SUM(BB41:BE41) -> #REF! | BG41: =J41-BF41 -> #REF! | BH41: =BB41/$D41 -> #REF! | BI41: =BC41/$D41 -> #REF! | BJ41: =BD41/$D41 -> #REF! | BK41: =BE41/$D41 -> #REF! | BM41: =100/6 -> 16.666667
B42: MSE Wall Erection | C42: sqm/day | D42: 10 | E42: Sqm | BB42: =#REF! -> #REF! | BC42: =#REF! -> #REF! | BD42: =#REF! -> #REF! | BE42: =#REF! -> #REF! | BF42: =SUM(BB42:BE42) -> #REF! | BG42: =J42-BF42 -> #REF! | BH42: =BB42/$D42 -> #REF! | BI42: =BC42/$D42 -> #REF! | BJ42: =BD42/$D42 -> #REF! | BK42: =BE42/$D42 -> #REF!
B43: Service Duct (100 mm dia) | C43: Sqm/day | D43: 4 | E43: Sqm | R43: 4 | S43: =J43/R43 -> 0 | AC43: =#REF!*0.8 -> #REF! | AD43: =AC43/D43 -> #REF! | AG43: =#REF!*0.8 -> #REF! | AH43: =AG43/D43 -> #REF! | AK43: =#REF!*0.8 -> #REF! | AL43: =AK43/$D43 -> #REF! | AO43: =#REF!*0.8 -> #REF! | AP43: =AO43/D43 -> #REF! | AS43: =#REF!*0.8 -> #REF! | AT43: =AS43/$D43 -> #REF! | AW43: =#REF!*0.8 -> #REF! | AX43: =AW43/$D43 -> #REF! | BB43: =#REF!*0.8 -> #REF! | BC43: =#REF!*0.8 -> #REF! | BD43: =#REF!*0.8 -> #REF! | BE43: =#REF!*0.8 -> #REF! | BF43: =SUM(BB43:BE43) -> #REF! | BG43: =J43-BF43 -> #REF! | BH43: =BB43/$D43 -> #REF! | BI43: =BC43/$D43 -> #REF! | BJ43: =BD43/$D43 -> #REF! | BK43: =BE43/$D43 -> #REF!
B44: Service Duct(150 mm dia) | C44: Sqm/day | D44: 4 | E44: Sqm | R44: 4 | S44: =J44/R44 -> 0 | AC44: =#REF!*0.8 -> #REF! | AD44: =AC44/D44 -> #REF! | AG44: =#REF!*0.8 -> #REF! | AH44: =AG44/D44 -> #REF! | AK44: =#REF!*0.8 -> #REF! | AL44: =AK44/$D44 -> #REF! | AO44: =#REF!*0.8 -> #REF! | AP44: =AO44/D44 -> #REF! | AS44: =#REF!*0.8 -> #REF! | AT44: =AS44/$D44 -> #REF! | AW44: =#REF!*0.8 -> #REF! | AX44: =AW44/$D44 -> #REF! | BB44: =#REF!*0.8 -> #REF! | BC44: =#REF!*0.8 -> #REF! | BD44: =#REF!*0.8 -> #REF! | BE44: =#REF!*0.8 -> #REF! | BF44: =SUM(BB44:BE44) -> #REF! | BG44: =J44-BF44 -> #REF! | BH44: =BB44/$D44 -> #REF! | BI44: =BC44/$D44 -> #REF! | BJ44: =BD44/$D44 -> #REF! | BK44: =BE44/$D44 -> #REF!
B45: Shjifting of RJR Material | D45: 36 | R45: 36 | S45: =J45/R45 -> 0 | AD45: =AC45/D45 -> 0 | AG45: =144*11 -> 1584 | AH45: =AG45/D45 -> 44 | AL45: =AK45/$D45 -> 0 | AO45: =144*11 -> 1584 | AP45: =AO45/D45 -> 44 | AT45: =AS45/$D45 -> 0 | AW45: =144*11 -> 1584 | AX45: =AW45/$D45 -> 44 | BB45: =144*11 -> 1584 | BC45: =144*11 -> 1584 | BD45: =144*11 -> 1584 | BE45: =144*11 -> 1584 | BF45: =SUM(BB45:BE45) -> 6336 | BG45: =J45-BF45 -> -6336 | BH45: =BB45/$D45 -> 44 | BI45: =BC45/$D45 -> 44 | BJ45: =BD45/$D45 -> 44 | BK45: =BE45/$D45 -> 44
B46: Camp Work & VSI crusher | S46: =K46 -> 0 | BF46: =SUM(BB46:BE46) -> 0 | BG46: =J46-BF46 -> 0
A47: 3 | B47: Steel Fixer | G47: =SUM(G48:G61) -> 0 | I47: =IFERROR(G47/H47,0) -> 0 | K47: =SUM(K48:K61) -> 0 | N47: =IFERROR(L47/M47,0) -> 0 | P47: =L47/26 -> 0 | S47: =SUM(S48:S61) -> 0 | T47: =S47/L47 -> #DIV/0! | AD47: =SUM(AD48:AD61) -> #REF! | AE47: =VLOOKUP($B47,'[5]Eqpmnt & MP Days'!$B$14:$H$17,2,0) -> 5 | AF47: =IFERROR(AD47/AE47,"") | AH47: =SUM(AH48:AH61) -> #REF! | AI47: =VLOOKUP($B47,'[5]Eqpmnt & MP Days'!$B$14:$H$17,3,0) -> 140 | AJ47: =IFERROR(AH47/AI47,"") | AL47: =SUM(AL48:AL61) -> #REF! | AM47: =VLOOKUP($B47,'[5]Eqpmnt & MP Days'!$B$14:$H$17,4,0) -> 3 | AN47: =IFERROR(AL47/AM47,"") | AP47: =SUM(AP48:AP61) -> #REF! | AQ47: =VLOOKUP($B47,'[5]Eqpmnt & MP Days'!$B$14:$H$17,5,0) -> 84 | AR47: =IFERROR(AP47/AQ47,"") | AT47: =SUM(AT48:AT61) -> #REF! | AU47: =VLOOKUP($B47,'[5]Eqpmnt & MP Days'!$B$14:$H$17,6,0) -> 104 | AV47: =IFERROR(AT47/AU47,"") | AX47: =SUM(AX48:AX61) -> #REF! | AY47: =VLOOKUP($B47,'[5]Eqpmnt & MP Days'!$B$14:$H$17,7,0) -> 2867 | AZ47: =IFERROR(AX47/AY47,"") | BF47: =SUM(BB47:BE47) -> 0 | BG47: =J47-BF47 -> 0
B48: Cutting & Bending | C48: ton | D48: 0.5 | E48: ton | R48: 0.5 | S48: =J48/R48 -> 0 | AC48: =#REF!+#REF! -> #REF! | AD48: =AC48/D48 -> #REF! | AG48: =#REF!+#REF! -> #REF! | AH48: =AG48/D48 -> #REF! | AK48: =#REF!+#REF! -> #REF! | AL48: =AK48/$D48 -> #REF! | AO48: =#REF!+#REF! -> #REF! | AP48: =AO48/D48 -> #REF! | AS48: =#REF!+#REF! -> #REF! | AT48: =AS48/$D48 -> #REF! | AW48: =#REF!+#REF! -> #REF! | AX48: =AW48/$D48 -> #REF! | BB48: =#REF!+#REF! -> #REF! | BC48: =#REF!+#REF! -> #REF! | BD48: =#REF!+#REF! -> #REF! | BE48: =#REF!+#REF! -> #REF! | BF48: =SUM(BB48:BE48) -> #REF! | BG48: =J48-BF48 -> #REF! | BH48: =BB48/$D48 -> #REF! | BI48: =BC48/$D48 -> #REF! | BJ48: =BD48/$D48 -> #REF! | BK48: =BE48/$D48 -> #REF!
B49: Loading and Unloading | C49: ton | D49: 3.5 | E49: ton | R49: 3.5 | S49: =J49/R49 -> 0 | AC49: =AC48 -> #REF! | AD49: =AC49/D49 -> #REF! | AG49: =AG48 -> #REF! | AH49: =AG49/D49 -> #REF! | AK49: =AK48 -> #REF! | AL49: =AK49/$D49 -> #REF! | AO49: =AO48 -> #REF! | AP49: =AO49/D49 -> #REF! | AS49: =AS48 -> #REF! | AT49: =AS49/$D49 -> #REF! | AW49: =AW48 -> #REF! | AX49: =AW49/$D49 -> #REF! | BB49: =BB48 -> #REF! | BC49: =BC48 -> #REF! | BD49: =BD48 -> #REF! | BE49: =BE48 -> #REF! | BF49: =SUM(BB49:BE49) -> #REF! | BG49: =J49-BF49 -> #REF! | BH49: =BB49/$D49 -> #REF! | BI49: =BC49/$D49 -> #REF! | BJ49: =BD49/$D49 -> #REF! | BK49: =BE49/$D49 -> #REF!
B50: Steel fixing | C50: ton | D50: 0.21 | E50: ton | R50: 0.2 | S50: =J50/R50 -> 0 | AC50: =#REF!+#REF! -> #REF! | AD50: =AC50/D50 -> #REF! | AG50: =#REF!+#REF! -> #REF! | AH50: =AG50/D50 -> #REF! | AK50: =#REF!+#REF! -> #REF! | AL50: =AK50/$D50 -> #REF! | AO50: =#REF!+#REF! -> #REF! | AP50: =AO50/D50 -> #REF! | AS50: =#REF!+#REF! -> #REF! | AT50: =AS50/$D50 -> #REF! | AW50: =#REF!+#REF! -> #REF! | AX50: =AW50/$D50 -> #REF! | BB50: =#REF!+#REF! -> #REF! | BC50: =#REF!+#REF! -> #REF! | BD50: =#REF!+#REF! -> #REF! | BE50: =#REF!+#REF! -> #REF! | BF50: =SUM(BB50:BE50) -> #REF! | BG50: =J50-BF50 -> #REF! | BH50: =BB50/$D50 -> #REF! | BI50: =BC50/$D50 -> #REF! | BJ50: =BD50/$D50 -> #REF! | BK50: =BE50/$D50 -> #REF!
B51: Steel Fixing - Girder Casting Works | C51: ton | D51: 0.15 | E51: ton | Q51: =J51/11/11 -> 0 | R51: 0.075 | S51: =J51/R51 -> 0 | AC51: =#REF!*0.163 -> #REF! | AD51: =AC51/D51 -> #REF! | AG51: =#REF!*0.163 -> #REF! | AH51: =AG51/D51 -> #REF! | AK51: =#REF!*0.163 -> #REF! | AL51: =AK51/$D51 -> #REF! | AO51: =#REF!*0.163 -> #REF! | AP51: =AO51/D51 -> #REF! | AS51: =#REF!*0.163 -> #REF! | AT51: =AS51/$D51 -> #REF! | AW51: =#REF!*0.163 -> #REF! | AX51: =AW51/$D51 -> #REF! | BB51: =#REF!*0.163 -> #REF! | BC51: =#REF!*0.163 -> #REF! | BD51: =#REF!*0.163 -> #REF! | BE51: =#REF!*0.163 -> #REF! | BF51: =SUM(BB51:BE51) -> #REF! | BG51: =J51-BF51 -> #REF! | BH51: =BB51/$D51 -> #REF! | BI51: =BC51/$D51 -> #REF! | BJ51: =BD51/$D51 -> #REF! | BK51: =BE51/$D51 -> #REF!
B52: Barrier Precasting | C52: ton | D52: 0.2 | E52: ton | R52: 0.2 | S52: =J52/R52 -> 0 | AC52: =AC15*0.08 -> #REF! | AD52: =AC52/D52 -> #REF! | AG52: =AG15*0.08 -> #REF! | AH52: =AG52/D52 -> #REF! | AK52: =AK15*0.08 -> #REF! | AL52: =AK52/$D52 -> #REF! | AO52: =AO15*0.08 -> #REF! | AP52: =AO52/D52 -> #REF! | AS52: =AS15*0.08 -> #REF! | AT52: =AS52/$D52 -> #REF! | AW52: =AW15*0.08 -> #REF! | AX52: =AW52/$D52 -> #REF! | BB52: =BB15*0.08 -> #REF! | BC52: =BC15*0.08 -> #REF! | BD52: =BD15*0.08 -> #REF! | BE52: =BE15*0.08 -> #REF! | BF52: =SUM(BB52:BE52) -> #REF! | BG52: =J52-BF52 -> #REF! | BH52: =BB52/$D52 -> #REF! | BI52: =BC52/$D52 -> #REF! | BJ52: =BD52/$D52 -> #REF! | BK52: =BE52/$D52 -> #REF!
B53: Waterline Protection Work - Precasting | C53: ton | D53: 0.2 | E53: ton | R53: 0.2 | S53: =J53/R53 -> 0 | AC53: =#REF!*0.03 -> #REF! | AD53: =AC53/D53 -> #REF! | AG53: =#REF!*0.03 -> #REF! | AH53: =AG53/D53 -> #REF! | AK53: =#REF!*0.03 -> #REF! | AL53: =AK53/$D53 -> #REF! | AO53: =#REF!*0.03 -> #REF! | AP53: =AO53/D53 -> #REF! | AS53: =#REF!*0.03 -> #REF! | AT53: =AS53/$D53 -> #REF! | AW53: =#REF!*0.03 -> #REF! | AX53: =AW53/$D53 -> #REF! | BB53: =#REF!*0.03 -> #REF! | BC53: =#REF!*0.03 -> #REF! | BD53: =#REF!*0.03 -> #REF! | BE53: =#REF!*0.03 -> #REF! | BF53: =SUM(BB53:BE53) -> #REF! | BG53: =J53-BF53 -> #REF! | BH53: =BB53/$D53 -> #REF! | BI53: =BC53/$D53 -> #REF! | BJ53: =BD53/$D53 -> #REF! | BK53: =BE53/$D53 -> #REF!
B54: Girder Sheathing Duct | C54: linm | D54: 9 | E54: linm | AC54: =0*3.3 -> 0 | AD54: =AC54/D54 -> 0 | AH54: =AG54/D54 -> 0 | AK54: =0*3.3 -> 0 | AL54: =AK54/$D54 -> 0 | AP54: =AO54/D54 -> 0 | AS54: =0*3.3 -> 0 | AT54: =AS54/$D54 -> 0 | AX54: =AW54/$D54 -> 0 | BF54: =SUM(BB54:BE54) -> 0 | BG54: =J54-BF54 -> 0 | BH54: =BB54/$D54 -> 0 | BI54: =BC54/$D54 -> 0 | BJ54: =BD54/$D54 -> 0 | BK54: =BE54/$D54 -> 0
B55: Post tensioning | C55: ton | D55: 0.33 | E55: ton | AC55: =#REF! -> #REF! | AD55: =AC55/D55 -> #REF! | AG55: =#REF! -> #REF! | AH55: =AG55/D55 -> #REF! | AK55: =#REF! -> #REF! | AL55: =AK55/$D55 -> #REF! | AO55: =#REF! -> #REF! | AP55: =AO55/D55 -> #REF! | AS55: =#REF! -> #REF! | AT55: =AS55/$D55 -> #REF! | AW55: =#REF! -> #REF! | AX55: =AW55/$D55 -> #REF! | BB55: =#REF!+#REF! -> #REF! | BC55: =#REF!+#REF! -> #REF! | BD55: =#REF!+#REF! -> #REF! | BE55: =#REF!+#REF! -> #REF! | BF55: =SUM(BB55:BE55) -> #REF! | BG55: =J55-BF55 -> #REF! | BH55: =BB55/$D55 -> #REF! | BI55: =BC55/$D55 -> #REF! | BJ55: =BD55/$D55 -> #REF! | BK55: =BE55/$D55 -> #REF!
B56: MSE Wall Casting | C56: sqm | D56: 17 | E56: Sqm | AC56: =AC41 -> #REF! | AD56: =AC56/D56 -> #REF! | AG56: =AG41 -> #REF! | AH56: =AG56/D56 -> #REF! | AK56: =AK41 -> #REF! | AL56: =AK56/$D56 -> #REF! | AO56: =AO41 -> #REF! | AP56: =AO56/D56 -> #REF! | AS56: =AS41 -> #REF! | AT56: =AS56/$D56 -> #REF! | AW56: =AW41 -> #REF! | AX56: =AW56/$D56 -> #REF! | BB56: =BB41 -> #REF! | BC56: =BC41 -> #REF! | BD56: =BD41 -> #REF! | BE56: =BE41 -> #REF! | BF56: =SUM(BB56:BE56) -> #REF! | BG56: =J56-BF56 -> #REF! | BH56: =BB56/$D56 -> #REF! | BI56: =BC56/$D56 -> #REF! | BJ56: =BD56/$D56 -> #REF! | BK56: =BE56/$D56 -> #REF!
B57: MSE Wall Erection | C57: sqm/day | D57: 10 | E57: Sqm
B58: W Beam Guard Rail | C58: linm | D58: 17 | E58: linm | R58: 17 | S58: =J58/R58 -> 0 | AC58: =#REF!+#REF! -> #REF! | AD58: =AC58/D58 -> #REF! | AG58: =#REF!+#REF! -> #REF! | AH58: =AG58/D58 -> #REF! | AK58: =#REF!+#REF! -> #REF! | AL58: =AK58/$D58 -> #REF! | AO58: =#REF!+#REF! -> #REF! | AP58: =AO58/D58 -> #REF! | AS58: =#REF!+#REF! -> #REF! | AT58: =AS58/$D58 -> #REF! | AW58: =#REF!+#REF! -> #REF! | AX58: =AW58/$D58 -> #REF! | BB58: =#REF!+#REF! -> #REF! | BC58: =#REF!+#REF! -> #REF! | BD58: =#REF!+#REF! -> #REF! | BE58: =#REF!+#REF! -> #REF! | BF58: =SUM(BB58:BE58) -> #REF! | BG58: =J58-BF58 -> #REF! | BH58: =BB58/$D58 -> #REF! | BI58: =BC58/$D58 -> #REF! | BJ58: =BD58/$D58 -> #REF! | BK58: =BE58/$D58 -> #REF!
B59: Bridge deck void formers 700mm dia. | C59: Linm | D59: 10 | E59: linm | AC59: =#REF! -> #REF! | AD59: =AC59/D59 -> #REF! | AG59: =#REF! -> #REF! | AH59: =AG59/D59 -> #REF! | AK59: =#REF! -> #REF! | AL59: =AK59/$D59 -> #REF! | AO59: =#REF! -> #REF! | AP59: =AO59/D59 -> #REF! | AS59: =#REF! -> #REF! | AT59: =AS59/$D59 -> #REF! | AW59: =#REF! -> #REF! | AX59: =AW59/$D59 -> #REF! | BB59: =#REF! -> #REF! | BC59: =#REF! -> #REF! | BD59: =#REF! -> #REF! | BE59: =#REF! -> #REF! | BF59: =SUM(BB59:BE59) -> #REF! | BG59: =J59-BF59 -> #REF! | BH59: =BB59/$D59 -> #REF! | BI59: =BC59/$D59 -> #REF! | BJ59: =BD59/$D59 -> #REF! | BK59: =BE59/$D59 -> #REF!
B60: Storm Sewer HDPE Pipe | C60: kg | D60: 375 | E60: kg | R60: 150 | S60: =J60/R60 -> 0 | AC60: =AC14 -> #REF! | AD60: =AC60/D60 -> #REF! | AG60: =AG14 -> #REF! | AH60: =AG60/D60 -> #REF! | AK60: =AK14 -> #REF! | AL60: =AK60/$D60 -> #REF! | AO60: =AO14 -> #REF! | AP60: =AO60/D60 -> #REF! | AS60: =AS14 -> #REF! | AT60: =AS60/$D60 -> #REF! | AW60: =AW14 -> #REF! | AX60: =AW60/$D60 -> #REF! | BB60: =BB14 -> #REF! | BC60: =BC14 -> #REF! | BD60: =BD14 -> #REF! | BE60: =BE14 -> #REF! | BF60: =SUM(BB60:BE60) -> #REF! | BG60: =J60-BF60 -> #REF! | BH60: =BB60/$D60 -> #REF! | BI60: =BC60/$D60 -> #REF! | BJ60: =BD60/$D60 -> #REF! | BK60: =BE60/$D60 -> #REF!
B61: Waterline protection works | C61: KG | D61: 200 | E61: KG | R61: 150 | S61: =J61/R61 -> 0 | AD61: =AC61/D61 -> 0 | AH61: =AG61/D61 -> 0 | AL61: =AK61/$D61 -> 0 | AP61: =AO61/D61 -> 0 | AT61: =AS61/$D61 -> 0 | AX61: =AW61/$D61 -> 0 | BF61: =SUM(BB61:BE61) -> 0 | BG61: =J61-BF61 -> 0 | BH61: =BB61/$D61 -> 0 | BI61: =BC61/$D61 -> 0 | BJ61: =BD61/$D61 -> 0 | BK61: =BE61/$D61 -> 0
A62: 4 | B62: Helper | G62: =SUM(G63:G116) -> 0 | I62: =IFERROR(G62/H62,0) -> 0 | K62: =SUM(K63:K116) -> 0 | N62: =IFERROR(L62/M62,0) -> 0 | S62: =SUM(S63:S115) -> #VALUE! | T62: =S62/L62 -> #VALUE! | AD62: =SUM(AD63:AD115) -> #REF! | AE62: =VLOOKUP($B62,'[5]Eqpmnt & MP Days'!$B$14:$H$17,2,0) -> 74.5 | AF62: =IFERROR(AD62/AE62,"") | AH62: =SUM(AH63:AH115) -> #REF! | AI62: =VLOOKUP($B62,'[5]Eqpmnt & MP Days'!$B$14:$H$17,3,0) -> 2356 | AJ62: =IFERROR(AH62/AI62,"") | AL62: =SUM(AL63:AL115) -> #REF! | AM62: =VLOOKUP($B62,'[5]Eqpmnt & MP Days'!$B$14:$H$17,4,0) -> 68 | AN62: =IFERROR(AL62/AM62,"") | AP62: =SUM(AP63:AP115) -> #REF! | AQ62: =VLOOKUP($B62,'[5]Eqpmnt & MP Days'!$B$14:$H$17,5,0) -> 1824 | AR62: =IFERROR(AP62/AQ62,"") | AT62: =SUM(AT63:AT115) -> #REF! | AU62: =VLOOKUP($B62,'[5]Eqpmnt & MP Days'!$B$14:$H$17,6,0) -> 22 | AV62: =IFERROR(AT62/AU62,"") | AX62: =SUM(AX63:AX115) -> #REF! | AY62: =VLOOKUP($B62,'[5]Eqpmnt & MP Days'!$B$14:$H$17,7,0) -> 540 | AZ62: =IFERROR(AX62/AY62,"") | BF62: =SUM(BB62:BE62) -> 0 | BG62: =J62-BF62 -> 0
B63: Earthwork in Cutting | C63: Cum | D63: 150 | E63: Cum | R63: 150 | S63: =J63/R63 -> 0 | AD63: =AC63/D63 -> 0 | AH63: =AG63/D63 -> 0 | AL63: =AK63/$D63 -> 0 | AP63: =AO63/D63 -> 0 | AT63: =AS63/$D63 -> 0 | AX63: =AW63/$D63 -> 0 | BF63: =SUM(BB63:BE63) -> 0 | BG63: =J63-BF63 -> 0 | BH63: =BB63/$D63 -> 0 | BI63: =BC63/$D63 -> 0 | BJ63: =BD63/$D63 -> 0 | BK63: =BE63/$D63 -> 0
B64: Unclassified Excavation | C64: cum | D64: 150 | E64: cum | R64: 150 | S64: =J64/R64 -> 0 | AC64: =#REF!+#REF! -> #REF! | AD64: =AC64/D64 -> #REF! | AG64: =#REF!+#REF! -> #REF! | AH64: =AG64/D64 -> #REF! | AK64: =#REF!+#REF! -> #REF! | AL64: =AK64/$D64 -> #REF! | AO64: =#REF!+#REF! -> #REF! | AP64: =AO64/D64 -> #REF! | AS64: =#REF!+#REF! -> #REF! | AT64: =AS64/$D64 -> #REF! | AW64: =#REF!+#REF! -> #REF! | AX64: =AW64/$D64 -> #REF! | BB64: =#REF!+#REF! -> #REF! | BC64: =#REF!+#REF! -> #REF! | BD64: =#REF!+#REF! -> #REF! | BE64: =#REF!+#REF! -> #REF! | BF64: =SUM(BB64:BE64) -> #REF! | BG64: =J64-BF64 -> #REF! | BH64: =BB64/$D64 -> #REF! | BI64: =BC64/$D64 -> #REF! | BJ64: =BD64/$D64 -> #REF! | BK64: =BE64/$D64 -> #REF!
B65: Earthwork in Filling - Emb laying | C65: Cum | D65: =700/4 -> 175 | E65: Cum | R65: 175 | S65: =J65/R65 -> 0 | AC65: ='Plant utilization'!AG76 -> #REF! | AD65: =AC65/D65 -> #REF! | AG65: ='Plant utilization'!AK76 -> #REF! | AH65: =AG65/D65 -> #REF! | AK65: ='Plant utilization'!AO76 -> #REF! | AL65: =AK65/$D65 -> #REF! | AO65: ='Plant utilization'!AS76 -> #REF! | AP65: =AO65/D65 -> #REF! | AS65: ='Plant utilization'!AW76 -> #REF! | AT65: =AS65/$D65 -> #REF! | AW65: ='Plant utilization'!BA76 -> #REF! | AX65: =AW65/$D65 -> #REF! | BB65: ='Plant utilization'!#REF!+'Plant utilization'!#REF! -> #REF! | BC65: ='Plant utilization'!#REF!+'Plant utilization'!#REF! -> #REF! | BD65: ='Plant utilization'!#REF!+'Plant utilization'!#REF! -> #REF! | BE65: ='Plant utilization'!#REF!+'Plant utilization'!#REF! -> #REF! | BF65: =SUM(BB65:BE65) -> #REF! | BG65: =J65-BF65 -> #REF! | BH65: =BB65/$D65 -> #REF! | BI65: =BC65/$D65 -> #REF! | BJ65: =BD65/$D65 -> #REF! | BK65: =BE65/$D65 -> #REF!
B66: Embankment Borrow Excavation | C66: cum | D66: 2000 | E66: cum | R66: 2000 | S66: =J66/R66 -> 0 | AC66: =#REF! -> #REF! | AD66: =AC66/D66 -> #REF! | AG66: =#REF!+#REF! -> #REF! | AH66: =AG66/D66 -> #REF! | AK66: =#REF! -> #REF! | AL66: =AK66/$D66 -> #REF! | AO66: =#REF!+#REF! -> #REF! | AP66: =AO66/D66 -> #REF! | AS66: =#REF! -> #REF! | AT66: =AS66/$D66 -> #REF! | AW66: =#REF!+#REF! -> #REF! | AX66: =AW66/$D66 -> #REF! | BB66: =#REF!+#REF! -> #REF! | BC66: =#REF!+#REF! -> #REF! | BD66: =#REF!+#REF! -> #REF! | BE66: =#REF!+#REF! -> #REF! | BF66: =SUM(BB66:BE66) -> #REF! | BG66: =J66-BF66 -> #REF! | BH66: =BB66/$D66 -> #REF! | BI66: =BC66/$D66 -> #REF! | BJ66: =BD66/$D66 -> #REF! | BK66: =BE66/$D66 -> #REF!
B67: Clearing and Grubbing | C67: Sqm | D67: =3000/5 -> 600 | E67: Sqm | R67: 600 | S67: =J67/R67 -> 0 | AC67: ='Plant utilization'!AG19 -> #REF! | AD67: =AC67/D67 -> #REF! | AG67: ='Plant utilization'!AK19 -> #REF! | AH67: =AG67/D67 -> #REF! | AK67: ='Plant utilization'!AO19 -> #REF! | AL67: =AK67/$D67 -> #REF! | AO67: ='Plant utilization'!AS19 -> #REF! | AP67: =AO67/D67 -> #REF! | AS67: ='Plant utilization'!AW19 -> #REF! | AT67: =AS67/$D67 -> #REF! | AW67: ='Plant utilization'!BA19 -> #REF! | AX67: =AW67/$D67 -> #REF! | BB67: ='Plant utilization'!#REF! -> #REF! | BC67: ='Plant utilization'!#REF! -> #REF! | BD67: ='Plant utilization'!#REF! -> #REF! | BE67: ='Plant utilization'!#REF! -> #REF! | BF67: =SUM(BB67:BE67) -> #REF! | BG67: =J67-BF67 -> #REF! | BH67: =BB67/$D67 -> #REF! | BI67: =BC67/$D67 -> #REF! | BJ67: =BD67/$D67 -> #REF! | BK67: =BE67/$D67 -> #REF!
B68: Subgrade Preparation in cut | C68: Sqm | D68: 333 | E68: Sqm | AC68: =#REF! -> #REF! | AD68: =AC68/D68 -> #REF! | AG68: =#REF! -> #REF! | AH68: =AG68/D68 -> #REF! | AK68: =#REF! -> #REF! | AL68: =AK68/$D68 -> #REF! | AO68: =#REF! -> #REF! | AP68: =AO68/D68 -> #REF! | AS68: =#REF! -> #REF! | AT68: =AS68/$D68 -> #REF! | AW68: =#REF! -> #REF! | AX68: =AW68/$D68 -> #REF! | BB68: =#REF! -> #REF! | BC68: =#REF! -> #REF! | BD68: =#REF! -> #REF! | BE68: =#REF! -> #REF! | BF68: =SUM(BB68:BE68) -> #REF! | BG68: =J68-BF68 -> #REF! | BH68: =BB68/$D68 -> #REF! | BI68: =BC68/$D68 -> #REF! | BJ68: =BD68/$D68 -> #REF! | BK68: =BE68/$D68 -> #REF!
B69: Removal of Reinforced Concrete | C69: cum | D69: 4 | E69: cum | R69: 4 | S69: =J69/R69 -> 0 | AD69: =AC69/D69 -> 0 | AH69: =AG69/D69 -> 0 | AL69: =AK69/$D69 -> 0 | AP69: =AO69/D69 -> 0 | AT69: =AS69/$D69 -> 0 | AX69: =AW69/$D69 -> 0 | BF69: =SUM(BB69:BE69) -> 0 | BG69: =J69-BF69 -> 0 | BH69: =BB69/$D69 -> 0 | BI69: =BC69/$D69 -> 0 | BJ69: =BD69/$D69 -> 0 | BK69: =BE69/$D69 -> 0
B70: Removal of loose Riprap | C70: cum | D70: 3.33 | E70: cum | R70: 3.33 | S70: =J70/R70 -> 0 | AC70: =#REF! -> #REF! | AD70: =AC70/D70 -> #REF! | AG70: =#REF! -> #REF! | AH70: =AG70/D70 -> #REF! | AK70: =#REF! -> #REF! | AL70: =AK70/$D70 -> #REF! | AO70: =#REF! -> #REF! | AP70: =AO70/D70 -> #REF! | AS70: =#REF! -> #REF! | AT70: =AS70/$D70 -> #REF! | AW70: =#REF! -> #REF! | AX70: =AW70/$D70 -> #REF! | BB70: =#REF! -> #REF! | BC70: =#REF! -> #REF! | BD70: =#REF! -> #REF! | BE70: =#REF! -> #REF! | BF70: =SUM(BB70:BE70) -> #REF! | BG70: =J70-BF70 -> #REF! | BH70: =BB70/$D70 -> #REF! | BI70: =BC70/$D70 -> #REF! | BJ70: =BD70/$D70 -> #REF! | BK70: =BE70/$D70 -> #REF!
B71: Removal of concrete curbs | C71: lin.m | D71: 6.25 | E71: linm | AC71: =#REF! -> #REF! | AD71: =AC71/D71 -> #REF! | AG71: =#REF! -> #REF! | AH71: =AG71/D71 -> #REF! | AK71: =#REF! -> #REF! | AL71: =AK71/$D71 -> #REF! | AO71: =#REF! -> #REF! | AP71: =AO71/D71 -> #REF! | AS71: =#REF! -> #REF! | AT71: =AS71/$D71 -> #REF! | AW71: =#REF! -> #REF! | AX71: =AW71/$D71 -> #REF! | BB71: =#REF! -> #REF! | BC71: =#REF! -> #REF! | BD71: =#REF! -> #REF! | BE71: =#REF! -> #REF! | BF71: =SUM(BB71:BE71) -> #REF! | BG71: =J71-BF71 -> #REF! | BH71: =BB71/$D71 -> #REF! | BI71: =BC71/$D71 -> #REF! | BJ71: =BD71/$D71 -> #REF! | BK71: =BE71/$D71 -> #REF!
B72: Removal of interlocking tiles | C72: sqm | D72: 12.5 | E72: Sqm | AC72: =#REF! -> #REF! | AD72: =AC72/D72 -> #REF! | AG72: =#REF! -> #REF! | AH72: =AG72/D72 -> #REF! | AK72: =#REF! -> #REF! | AL72: =AK72/$D72 -> #REF! | AO72: =#REF! -> #REF! | AP72: =AO72/D72 -> #REF! | AS72: =#REF! -> #REF! | AT72: =AS72/$D72 -> #REF! | AW72: =#REF! -> #REF! | AX72: =AW72/$D72 -> #REF! | BB72: =#REF! -> #REF! | BC72: =#REF! -> #REF! | BD72: =#REF! -> #REF! | BE72: =#REF! -> #REF! | BF72: =SUM(BB72:BE72) -> #REF! | BG72: =J72-BF72 -> #REF! | BH72: =BB72/$D72 -> #REF! | BI72: =BC72/$D72 -> #REF! | BJ72: =BD72/$D72 -> #REF! | BK72: =BE72/$D72 -> #REF!
B73: Removal of Steel Safety barrier | C73: linm | D73: 12.5 | E73: linm | AC73: =#REF! -> #REF! | AD73: =AC73/D73 -> #REF! | AG73: =#REF! -> #REF! | AH73: =AG73/D73 -> #REF! | AK73: =#REF! -> #REF! | AL73: =AK73/$D73 -> #REF! | AO73: =#REF! -> #REF! | AP73: =AO73/D73 -> #REF! | AS73: =#REF! -> #REF! | AT73: =AS73/$D73 -> #REF! | AW73: =#REF! -> #REF! | AX73: =AW73/$D73 -> #REF! | BB73: =#REF! -> #REF! | BC73: =#REF! -> #REF! | BD73: =#REF! -> #REF! | BE73: =#REF! -> #REF! | BF73: =SUM(BB73:BE73) -> #REF! | BG73: =J73-BF73 -> #REF! | BH73: =BB73/$D73 -> #REF! | BI73: =BC73/$D73 -> #REF! | BJ73: =BD73/$D73 -> #REF! | BK73: =BE73/$D73 -> #REF!
B74: Removal of signboards- single post-including foundation | C74: nr | D74: 0.4 | E74: nr | AC74: =#REF! -> #REF! | AD74: =AC74/D74 -> #REF! | AG74: =#REF! -> #REF! | AH74: =AG74/D74 -> #REF! | AK74: =#REF! -> #REF! | AL74: =AK74/$D74 -> #REF! | AO74: =#REF! -> #REF! | AP74: =AO74/D74 -> #REF! | AS74: =#REF! -> #REF! | AT74: =AS74/$D74 -> #REF! | AW74: =#REF! -> #REF! | AX74: =AW74/$D74 -> #REF! | BB74: =#REF! -> #REF! | BC74: =#REF! -> #REF! | BD74: =#REF! -> #REF! | BE74: =#REF! -> #REF! | BF74: =SUM(BB74:BE74) -> #REF! | BG74: =J74-BF74 -> #REF! | BH74: =BB74/$D74 -> #REF! | BI74: =BC74/$D74 -> #REF! | BJ74: =BD74/$D74 -> #REF! | BK74: =BE74/$D74 -> #REF!
B75: Removal of Bituminous Pavement | C75: Cum | D75: 33.333333 | E75: Cum | AC75: =#REF! -> #REF! | AD75: =AC75/D75 -> #REF! | AG75: =#REF! -> #REF! | AH75: =AG75/D75 -> #REF! | AK75: =#REF! -> #REF! | AL75: =AK75/$D75 -> #REF! | AO75: =#REF! -> #REF! | AP75: =AO75/D75 -> #REF! | AS75: =#REF! -> #REF! | AT75: =AS75/$D75 -> #REF! | AW75: =#REF! -> #REF! | AX75: =AW75/$D75 -> #REF! | BB75: =#REF! -> #REF! | BC75: =#REF! -> #REF! | BD75: =#REF! -> #REF! | BE75: =#REF! -> #REF! | BF75: =SUM(BB75:BE75) -> #REF! | BG75: =J75-BF75 -> #REF! | BH75: =BB75/$D75 -> #REF! | BI75: =BC75/$D75 -> #REF! | BJ75: =BD75/$D75 -> #REF! | BK75: =BE75/$D75 -> #REF!
B76: Removal of signboards- Multiple posts-including foundation | C76: nr | D76: 0.2 | E76: nr | AC76: =#REF! -> #REF! | AD76: =AC76/D76 -> #REF! | AG76: =#REF! -> #REF! | AH76: =AG76/D76 -> #REF! | AK76: =#REF! -> #REF! | AL76: =AK76/$D76 -> #REF! | AO76: =#REF! -> #REF! | AP76: =AO76/D76 -> #REF! | AS76: =#REF! -> #REF! | AT76: =AS76/$D76 -> #REF! | AW76: =#REF! -> #REF! | AX76: =AW76/$D76 -> #REF! | BB76: =#REF! -> #REF! | BC76: =#REF! -> #REF! | BD76: =#REF! -> #REF! | BE76: =#REF! -> #REF! | BF76: =SUM(BB76:BE76) -> #REF! | BG76: =J76-BF76 -> #REF! | BH76: =BB76/$D76 -> #REF! | BI76: =BC76/$D76 -> #REF! | BJ76: =BD76/$D76 -> #REF! | BK76: =BE76/$D76 -> #REF!
B77: Removal of mortar riprap | C77: cum | D77: 3.3333333 | E77: cum | AD77: =AC77/D77 -> 0 | AH77: =AG77/D77 -> 0 | AL77: =AK77/$D77 -> 0 | AP77: =AO77/D77 -> 0 | AT77: =AS77/$D77 -> 0 | AX77: =AW77/$D77 -> 0 | BF77: =SUM(BB77:BE77) -> 0 | BG77: =J77-BF77 -> 0 | BH77: =BB77/$D77 -> 0 | BI77: =BC77/$D77 -> 0 | BJ77: =BD77/$D77 -> 0 | BK77: =BE77/$D77 -> 0
B78: Removal of lighting poles | C78: nr | D78: 0.6 | E78: nr | AC78: =#REF! -> #REF! | AD78: =AC78/D78 -> #REF! | AG78: =#REF! -> #REF! | AH78: =AG78/D78 -> #REF! | AK78: =#REF! -> #REF! | AL78: =AK78/$D78 -> #REF! | AO78: =#REF! -> #REF! | AP78: =AO78/D78 -> #REF! | AS78: =#REF! -> #REF! | AT78: =AS78/$D78 -> #REF! | AW78: =#REF! -> #REF! | AX78: =AW78/$D78 -> #REF! | BB78: =#REF! -> #REF! | BC78: =#REF! -> #REF! | BD78: =#REF! -> #REF! | BE78: =#REF! -> #REF! | BF78: =SUM(BB78:BE78) -> #REF! | BG78: =J78-BF78 -> #REF! | BH78: =BB78/$D78 -> #REF! | BI78: =BC78/$D78 -> #REF! | BJ78: =BD78/$D78 -> #REF! | BK78: =BE78/$D78 -> #REF!
B79: Structural Excavation | C79: Cum | D79: 20 | E79: Cum | R79: 20 | S79: =J79/R79 -> 0 | AC79: ='Plant utilization'!AG65 -> #REF! | AD79: =AC79/D79 -> #REF! | AG79: ='Plant utilization'!AK65 -> #REF! | AH79: =AG79/D79 -> #REF! | AK79: ='Plant utilization'!AO65 -> #REF! | AL79: =AK79/$D79 -> #REF! | AO79: ='Plant utilization'!AS65 -> #REF! | AP79: =AO79/D79 -> #REF! | AS79: ='Plant utilization'!AW65 -> #REF! | AT79: =AS79/$D79 -> #REF! | AW79: ='Plant utilization'!BA65 -> #REF! | AX79: =AW79/$D79 -> #REF! | BB79: ='Plant utilization'!#REF! -> #REF! | BC79: ='Plant utilization'!#REF! -> #REF! | BD79: ='Plant utilization'!#REF! -> #REF! | BE79: ='Plant utilization'!#REF! -> #REF! | BF79: =SUM(BB79:BE79) -> #REF! | BG79: =J79-BF79 -> #REF! | BH79: =BB79/$D79 -> #REF! | BI79: =BC79/$D79 -> #REF! | BJ79: =BD79/$D79 -> #REF! | BK79: =BE79/$D79 -> #REF!
B80: GSB Borrow Excavation | C80: Cum | D80: 500 | E80: Cum | R80: 500 | S80: =J80/R80 -> 0 | AC80: =#REF! -> #REF! | AD80: =AC80/D80 -> #REF! | AG80: =#REF! -> #REF! | AH80: =AG80/D80 -> #REF! | AK80: =#REF! -> #REF! | AL80: =AK80/$D80 -> #REF! | AO80: =#REF! -> #REF! | AP80: =AO80/D80 -> #REF! | AS80: =#REF! -> #REF! | AT80: =AS80/$D80 -> #REF! | AW80: =#REF! -> #REF! | AX80: =AW80/$D80 -> #REF! | BB80: =#REF! -> #REF! | BC80: =#REF! -> #REF! | BD80: =#REF! -> #REF! | BE80: =#REF! -> #REF! | BF80: =SUM(BB80:BE80) -> #REF! | BG80: =J80-BF80 -> #REF! | BH80: =BB80/$D80 -> #REF! | BI80: =BC80/$D80 -> #REF! | BJ80: =BD80/$D80 -> #REF! | BK80: =BE80/$D80 -> #REF!
B81: GSB Laying | C81: Cum | D81: =600/4 -> 150 | E81: Cum | R81: 150 | S81: =J81/R81 -> 0 | AC81: =#REF!+#REF! -> #REF! | AD81: =AC81/D81 -> #REF! | AG81: =#REF!+#REF! -> #REF! | AH81: =AG81/D81 -> #REF! | AK81: =#REF!+#REF! -> #REF! | AL81: =AK81/$D81 -> #REF! | AO81: =#REF!+#REF! -> #REF! | AP81: =AO81/D81 -> #REF! | AS81: =#REF!+#REF! -> #REF! | AT81: =AS81/$D81 -> #REF! | AW81: =#REF!+#REF! -> #REF! | AX81: =AW81/$D81 -> #REF! | BB81: =#REF!+#REF! -> #REF! | BC81: =#REF!+#REF! -> #REF! | BD81: =#REF!+#REF! -> #REF! | BE81: =#REF!+#REF! -> #REF! | BF81: =SUM(BB81:BE81) -> #REF! | BG81: =J81-BF81 -> #REF! | BH81: =BB81/$D81 -> #REF! | BI81: =BC81/$D81 -> #REF! | BJ81: =BD81/$D81 -> #REF! | BK81: =BE81/$D81 -> #REF!
B82: GSB Laying (Diversion) | C82: cum | D82: 75 | E82: Cum | R82: 75 | S82: =J82/R82 -> 0 | AC82: =#REF! -> #REF! | AD82: =AC82/D82 -> #REF! | AG82: =#REF! -> #REF! | AH82: =AG82/D82 -> #REF! | AK82: =#REF! -> #REF! | AL82: =AK82/$D82 -> #REF! | AO82: =#REF! -> #REF! | AP82: =AO82/D82 -> #REF! | AS82: =#REF! -> #REF! | AT82: =AS82/$D82 -> #REF! | AW82: =#REF! -> #REF! | AX82: =AW82/$D82 -> #REF! | BB82: =#REF! -> #REF! | BC82: =#REF! -> #REF! | BD82: =#REF! -> #REF! | BE82: =#REF! -> #REF! | BF82: =SUM(BB82:BE82) -> #REF! | BG82: =J82-BF82 -> #REF! | BH82: =BB82/$D82 -> #REF! | BI82: =BC82/$D82 -> #REF! | BJ82: =BD82/$D82 -> #REF! | BK82: =BE82/$D82 -> #REF!
B83: ABC Borrow Extraction | C83: Cum | D83: 500 | E83: Cum | R83: 500 | S83: =J83/R83 -> 0 | AC83: =#REF! -> #REF! | AD83: =AC83/D83 -> #REF! | AG83: =#REF! -> #REF! | AH83: =AG83/D83 -> #REF! | AK83: =#REF! -> #REF! | AL83: =AK83/$D83 -> #REF! | AO83: =#REF! -> #REF! | AP83: =AO83/D83 -> #REF! | AS83: =#REF! -> #REF! | AT83: =AS83/$D83 -> #REF! | AW83: =#REF! -> #REF! | AX83: =AW83/$D83 -> #REF! | BB83: =#REF! -> #REF! | BC83: =#REF! -> #REF! | BD83: =#REF! -> #REF! | BE83: =#REF! -> #REF! | BF83: =SUM(BB83:BE83) -> #REF! | BG83: =J83-BF83 -> #REF! | BH83: =BB83/$D83 -> #REF! | BI83: =BC83/$D83 -> #REF! | BJ83: =BD83/$D83 -> #REF! | BK83: =BE83/$D83 -> #REF!
B84: ABC Crushing | C84: cum | D84: 333.333 | E84: Cum | R84: 333.333 | S84: =J84/R84 -> 0 | AC84: =#REF!+#REF! -> #REF! | AD84: =AC84/D84 -> #REF! | AG84: =#REF!+#REF! -> #REF! | AH84: =AG84/D84 -> #REF! | AK84: =#REF!+#REF! -> #REF! | AL84: =AK84/$D84 -> #REF! | AO84: =#REF!+#REF! -> #REF! | AP84: =AO84/D84 -> #REF! | AS84: =#REF!+#REF! -> #REF! | AT84: =AS84/$D84 -> #REF! | AW84: =#REF!+#REF! -> #REF! | AX84: =AW84/$D84 -> #REF! | BB84: =#REF!+#REF! -> #REF! | BC84: =#REF!+#REF! -> #REF! | BD84: =#REF!+#REF! -> #REF! | BE84: =#REF!+#REF! -> #REF! | BF84: =SUM(BB84:BE84) -> #REF! | BG84: =J84-BF84 -> #REF! | BH84: =BB84/$D84 -> #REF! | BI84: =BC84/$D84 -> #REF! | BJ84: =BD84/$D84 -> #REF! | BK84: =BE84/$D84 -> #REF!
B85: ABC Laying | C85: Cum | D85: =500/5 -> 100 | E85: Cum | R85: 100 | S85: =J85/R85 -> 0 | AC85: ='Plant utilization'!AG79 -> #REF! | AD85: =AC85/D85 -> #REF! | AG85: ='Plant utilization'!AK79 -> #REF! | AH85: =AG85/D85 -> #REF! | AK85: ='Plant utilization'!AO79 -> #REF! | AL85: =AK85/$D85 -> #REF! | AO85: ='Plant utilization'!AS79 -> #REF! | AP85: =AO85/D85 -> #REF! | AS85: ='Plant utilization'!AW79 -> #REF! | AT85: =AS85/$D85 -> #REF! | AW85: ='Plant utilization'!BA79 -> #REF! | AX85: =AW85/$D85 -> #REF! | BB85: ='Plant utilization'!#REF! -> #REF! | BC85: ='Plant utilization'!#REF! -> #REF! | BD85: ='Plant utilization'!#REF! -> #REF! | BE85: ='Plant utilization'!#REF! -> #REF! | BF85: =SUM(BB85:BE85) -> #REF! | BG85: =J85-BF85 -> #REF! | BH85: =BB85/$D85 -> #REF! | BI85: =BC85/$D85 -> #REF! | BJ85: =BD85/$D85 -> #REF! | BK85: =BE85/$D85 -> #REF!
B86: Prime Coat & Tack coat | C86: Sqm | D86: 1500 | E86: Sqm | R86: 1500 | S86: =J86/R86 -> 0 | AC86: =#REF!+#REF!+#REF!+#REF! -> #REF! | AD86: =AC86/D86 -> #REF! | AG86: =#REF!+#REF!+#REF! -> #REF! | AH86: =AG86/D86 -> #REF! | AK86: =#REF!+#REF!+#REF!+#REF! -> #REF! | AL86: =AK86/$D86 -> #REF! | AO86: =#REF!+#REF!+#REF! -> #REF! | AP86: =AO86/D86 -> #REF! | AS86: =#REF!+#REF!+#REF!+#REF! -> #REF! | AT86: =AS86/$D86 -> #REF! | AW86: =#REF!+#REF!+#REF! -> #REF! | AX86: =AW86/$D86 -> #REF! | BB86: =#REF!+#REF!+#REF!+#REF! -> #REF! | BC86: =#REF!+#REF!+#REF!+#REF! -> #REF! | BD86: =#REF!+#REF!+#REF!+#REF! -> #REF! | BE86: =#REF!+#REF!+#REF!+#REF! -> #REF! | BF86: =SUM(BB86:BE86) -> #REF! | BG86: =J86-BF86 -> #REF! | BH86: =BB86/$D86 -> #REF! | BI86: =BC86/$D86 -> #REF! | BJ86: =BD86/$D86 -> #REF! | BK86: =BE86/$D86 -> #REF!
B87: Asphalt | C87: Cum | D87: 17 | E87: Cum | R87: =D87 -> 17 | S87: =J87/R87 -> 0 | AC87: =#REF!+#REF!+#REF!+#REF! -> #REF! | AD87: =AC87/D87 -> #REF! | AG87: =#REF!+#REF!+#REF!+#REF! -> #REF! | AH87: =AG87/D87 -> #REF! | AK87: =#REF!+#REF!+#REF!+#REF! -> #REF! | AO87: =#REF!+#REF!+#REF!+#REF! -> #REF! | AS87: =#REF!+#REF!+#REF!+#REF! -> #REF! | AT87: =AS87/$D87 -> #REF! | AW87: =#REF!+#REF!+#REF!+#REF! -> #REF! | AX87: =AW87/$D87 -> #REF! | BB87: =#REF!+#REF!+#REF!+#REF!+#REF! -> #REF! | BC87: =#REF!+#REF!+#REF!+#REF!+#REF! -> #REF! | BD87: =#REF!+#REF!+#REF!+#REF!+#REF! -> #REF! | BE87: =#REF!+#REF!+#REF!+#REF!+#REF! -> #REF! | BF87: =SUM(BB87:BE87) -> #REF! | BG87: =J87-BF87 -> #REF! | BH87: =BB87/$D87 -> #REF! | BI87: =BC87/$D87 -> #REF! | BJ87: =BD87/$D87 -> #REF! | BK87: =BE87/$D87 -> #REF!
B88: Asphalt on Diversion | C88: Cum | D88: 17 | E88: Cum | R88: =D88 -> 17 | S88: =J88/R88 -> 0 | AC88: =#REF! -> #REF! | AD88: =AC88/D88 -> #REF! | AG88: =#REF! -> #REF! | AH88: =AG88/D88 -> #REF! | AK88: =#REF! -> #REF! | AL88: =AK88/$D88 -> #REF! | AO88: =#REF! -> #REF! | AP88: =AO88/D88 -> #REF! | AS88: =#REF! -> #REF! | AT88: =AS88/$D88 -> #REF! | AW88: =#REF! -> #REF! | AX88: =AW88/$D88 -> #REF! | BB88: =#REF! -> #REF! | BC88: =#REF! -> #REF! | BD88: =#REF! -> #REF! | BE88: =#REF! -> #REF! | BF88: =SUM(BB88:BE88) -> #REF! | BG88: =J88-BF88 -> #REF! | BH88: =BB88/$D88 -> #REF! | BI88: =BC88/$D88 -> #REF! | BJ88: =BD88/$D88 -> #REF! | BK88: =BE88/$D88 -> #REF!
B89: Pavement Widening (Embankment) | C89: Cum | D89: =90/8 -> 11.25 | E89: Cum | R89: =D89 -> 11.25 | S89: =J89/R89 -> 0 | AC89: =#REF!*0.7 -> #REF! | AD89: =AC89/D89 -> #REF! | AG89: =#REF!*0.7 -> #REF! | AH89: =AG89/D89 -> #REF! | AK89: =#REF!*0.7 -> #REF! | AL89: =AK89/$D89 -> #REF! | AO89: =#REF!*0.7 -> #REF! | AP89: =AO89/D89 -> #REF! | AS89: =#REF!*0.7 -> #REF! | AT89: =AS89/$D89 -> #REF! | AW89: =#REF!*0.7 -> #REF! | AX89: =AW89/$D89 -> #REF! | BB89: =#REF! -> #REF! | BC89: =#REF! -> #REF! | BE89: =#REF! -> #REF! | BF89: =SUM(BB89:BE89) -> #REF! | BG89: =J89-BF89 -> #REF! | BH89: =BB89/$D89 -> #REF! | BI89: =BC89/$D89 -> #REF! | BJ89: =BD89/$D89 -> 0 | BK89: =BE89/$D89 -> #REF!
B90: Pavement Widening(ABC) | C90: Cum | D90: =50/10 -> 5 | E90: Cum | R90: =D90 -> 5 | S90: =J90/R90 -> 0 | AC90: =#REF!*0.15 -> #REF! | AD90: =AC90/D90 -> #REF! | AG90: =#REF!*0.15 -> #REF! | AH90: =AG90/D90 -> #REF! | AK90: =#REF!*0.15 -> #REF! | AL90: =AK90/$D90 -> #REF! | AO90: =#REF!*0.15 -> #REF! | AP90: =AO90/D90 -> #REF! | AS90: =#REF!*0.15 -> #REF! | AT90: =AS90/$D90 -> #REF! | AW90: =#REF!*0.15 -> #REF! | AX90: =AW90/$D90 -> #REF! | BB90: =#REF!*0.15 -> #REF! | BC90: =#REF!*0.15 -> #REF! | BE90: =#REF!*0.15 -> #REF! | BF90: =SUM(BB90:BE90) -> #REF! | BG90: =J90-BF90 -> #REF! | BH90: =BB90/$D90 -> #REF! | BI90: =BC90/$D90 -> #REF! | BJ90: =BD90/$D90 -> 0 | BK90: =BE90/$D90 -> #REF!
B91: Pavement Widening (Prime Coat) | C91: Sqm | D91: 1000 | E91: Sqm | R91: =D91 -> 1000 | S91: =J91/R91 -> 0 | AC91: =(AC92/0.05)*0.9 -> #REF! | AD91: =AC91/D91 -> #REF! | AG91: =(AG92/0.05)*0.9 -> #REF! | AH91: =AG91/D91 -> #REF! | AK91: =(AK92/0.05)*0.9 -> #REF! | AL91: =AK91/$D91 -> #REF! | AO91: =(AO92/0.05)*0.9 -> #REF! | AP91: =AO91/D91 -> #REF! | AS91: =(AS92/0.05)*0.9 -> #REF! | AT91: =AS91/$D91 -> #REF! | AW91: =(AW92/0.05)*0.9 -> #REF! | AX91: =AW91/$D91 -> #REF! | BB91: =(BB92/0.05)*0.9 -> #REF! | BC91: =(BC92/0.05)*0.9 -> #REF! | BE91: =(BE92/0.05)*0.9 -> #REF! | BF91: =SUM(BB91:BE91) -> #REF! | BG91: =J91-BF91 -> #REF! | BH91: =BB91/$D91 -> #REF! | BI91: =BC91/$D91 -> #REF! | BJ91: =BD91/$D91 -> 0 | BK91: =BE91/$D91 -> #REF!
B92: Pavement Widening (Asphalt) | C92: Cum | D92: =100/20 -> 5 | E92: Cum | R92: =D92 -> 5 | S92: =J92/R92 -> 0 | AC92: =#REF!*0.05*0 -> #REF! | AD92: =AC92/D92 -> #REF! | AG92: =#REF!*0.05 -> #REF! | AH92: =AG92/D92 -> #REF! | AK92: =#REF!*0.05*0 -> #REF! | AL92: =AK92/$D92 -> #REF! | AO92: =#REF!*0.05 -> #REF! | AP92: =AO92/D92 -> #REF! | AS92: =#REF!*0.05*0 -> #REF! | AT92: =AS92/$D92 -> #REF! | AW92: =#REF!*0.05 -> #REF! | AX92: =AW92/$D92 -> #REF! | BB92: =#REF!*0.05 -> #REF! | BC92: =#REF!*0.05 -> #REF! | BD92: =J92 -> 0 | BE92: =#REF!*0.05 -> #REF! | BF92: =SUM(BB92:BE92) -> #REF! | BG92: =J92-BF92 -> #REF! | BH92: =BB92/$D92 -> #REF! | BI92: =BC92/$D92 -> #REF! | BJ92: =BD92/$D92 -> 0 | BK92: =BE92/$D92 -> #REF!
B93: Pavement Widening (Safety) | C93: Sqm | D93: =500/4 -> 125 | E93: Sqm | R93: =D93 -> 125 | S93: =J93/R93 -> 0 | AC93: =#REF! -> #REF! | AD93: =AC93/D93 -> #REF! | AG93: =#REF! -> #REF! | AH93: =AG93/D93 -> #REF! | AK93: =#REF! -> #REF! | AL93: =AK93/$D93 -> #REF! | AO93: =#REF! -> #REF! | AP93: =AO93/D93 -> #REF! | AS93: =#REF! -> #REF! | AT93: =AS93/$D93 -> #REF! | AW93: =#REF! -> #REF! | AX93: =AW93/$D93 -> #REF! | BB93: =#REF! -> #REF! | BC93: =#REF! -> #REF! | BD93: =#REF! -> #REF! | BE93: =#REF! -> #REF! | BF93: =SUM(BB93:BE93) -> #REF! | BG93: =J93-BF93 -> #REF! | BH93: =BB93/$D93 -> #REF! | BI93: =BC93/$D93 -> #REF! | BJ93: =BD93/$D93 -> #REF! | BK93: =BE93/$D93 -> #REF!
B94: Concrete works | C94: Cum | D94: 5 | E94: Cum | R94: 5 | S94: =J94/R94 -> 0 | AC94: =AC8+AC9+AC12+AC13 -> #REF! | AD94: =AC94/D94 -> #REF! | AG94: =AG8+AG9+AG12+AG11+AG13 -> #REF! | AH94: =AG94/D94 -> #REF! | AK94: =AK8+AK9+AK12+AK13 -> #REF! | AL94: =AK94/$D94 -> #REF! | AO94: =AO8+AO9+AO12+AO11+AO13 -> #REF! | AP94: =AO94/D94 -> #REF! | AS94: =AS8+AS9+AS12+AS13 -> #REF! | AW94: =AW8+AW9+AW12+AW11+AW13 -> #REF! | BB94: =BB8+BB9+BB12+BB11+BB13 -> #REF! | BC94: =BC8+BC9+BC12+BC11+BC13 -> #REF! | BD94: =BD8+BD9+BD12+BD11+BD13 -> #REF! | BE94: =BE8+BE9+BE12+BE11+BE13 -> #REF! | BF94: =SUM(BB94:BE94) -> #REF! | BG94: =J94-BF94 -> #REF! | BH94: =BB94/$D94 -> #REF! | BI94: =BC94/$D94 -> #REF! | BJ94: =BD94/$D94 -> #REF! | BK94: =BE94/$D94 -> #REF!
B95: Steel cutting | C95: MT | D95: 0.7 | E95: MT | R95: 0.7 | S95: =J95/R95 -> 0 | AC95: =AC48 -> #REF! | AD95: =AC95/D95 -> #REF! | AG95: =AG48 -> #REF! | AH95: =AG95/D95 -> #REF! | AK95: =AK48 -> #REF! | AL95: =AK95/$D95 -> #REF! | AO95: =AO48 -> #REF! | AP95: =AO95/D95 -> #REF! | AS95: =AS48 -> #REF! | AW95: =AW48 -> #REF! | BB95: =BB48 -> #REF! | BC95: =BC48 -> #REF! | BD95: =BD48 -> #REF! | BE95: =BE48 -> #REF! | BF95: =SUM(BB95:BE95) -> #REF! | BG95: =J95-BF95 -> #REF! | BH95: =BB95/$D95 -> #REF! | BI95: =BC95/$D95 -> #REF! | BJ95: =BD95/$D95 -> #REF! | BK95: =BE95/$D95 -> #REF!
B96: Steel fixing | C96: MT | D96: 0.7 | E96: MT | R96: 0.7 | S96: =J96/R96 -> 0 | AC96: =AC50+AC60 -> #REF! | AD96: =AC96/D96 -> #REF! | AG96: =AG50+AG60 -> #REF! | AH96: =AG96/D96 -> #REF! | AK96: =AK50+AK60 -> #REF! | AL96: =AK96/$D96 -> #REF! | AO96: =AO50+AO60 -> #REF! | AP96: =AO96/D96 -> #REF! | AS96: =AS50+AS60 -> #REF! | AT96: =AS96/$D96 -> #REF! | AW96: =AW50+AW60 -> #REF! | AX96: =AW96/$D96 -> #REF! | BB96: =BB50 -> #REF! | BC96: =BC50 -> #REF! | BD96: =BD50 -> #REF! | BE96: =BE50+BE60 -> #REF! | BF96: =SUM(BB96:BE96) -> #REF! | BG96: =J96-BF96 -> #REF! | BH96: =BB96/$D96 -> #REF! | BI96: =BC96/$D96 -> #REF! | BJ96: =BD96/$D96 -> #REF! | BK96: =BE96/$D96 -> #REF!
B97: Post tensioning | C97: ton | D97: 0.2 | E97: ton | AC97: =AC55 -> #REF! | AD97: =AC97/D97 -> #REF! | AG97: =AG55 -> #REF! | AH97: =AG97/D97 -> #REF! | AK97: =AK55 -> #REF! | AL97: =AK97/$D97 -> #REF! | AO97: =AO55 -> #REF! | AP97: =AO97/D97 -> #REF! | AS97: =AS55 -> #REF! | AT97: =AS97/$D97 -> #REF! | AW97: =AW55 -> #REF! | AX97: =AW97/$D97 -> #REF! | BB97: =BB55 -> #REF! | BC97: =BC55 -> #REF! | BD97: =BD55 -> #REF! | BE97: =BE55 -> #REF! | BF97: =SUM(BB97:BE97) -> #REF! | BG97: =J97-BF97 -> #REF! | BH97: =BB97/$D97 -> #REF! | BI97: =BC97/$D97 -> #REF! | BJ97: =BD97/$D97 -> #REF! | BK97: =BE97/$D97 -> #REF!
B98: =B59 -> Bridge deck void formers 700mm dia. | C98: linm | D98: 12.5 | E98: linm | AC98: =AC59 -> #REF! | AD98: =AC98/D98 -> #REF! | AG98: =AG59 -> #REF! | AH98: =AG98/D98 -> #REF! | AK98: =AK59 -> #REF! | AL98: =AK98/$D98 -> #REF! | AO98: =AO59 -> #REF! | AP98: =AO98/D98 -> #REF! | AS98: =AS59 -> #REF! | AT98: =AS98/$D98 -> #REF! | AW98: =AW59 -> #REF! | AX98: =AW98/$D98 -> #REF! | BB98: =BB59 -> #REF! | BC98: =BC59 -> #REF! | BD98: =BD59 -> #REF! | BE98: =BE59 -> #REF! | BF98: =SUM(BB98:BE98) -> #REF! | BG98: =J98-BF98 -> #REF! | BH98: =BB98/$D98 -> #REF! | BI98: =BC98/$D98 -> #REF! | BJ98: =BD98/$D98 -> #REF! | BK98: =BE98/$D98 -> #REF!
B99: Wbeam | C99: Lm | D99: =50/4 -> 12.5 | E99: Lm | R99: 12.5 | S99: =J99/R99 -> 0 | AC99: =#REF!+#REF! -> #REF! | AD99: =AC99/D99 -> #REF! | AG99: =#REF!+#REF! -> #REF! | AH99: =AG99/D99 -> #REF! | AK99: =#REF!+#REF! -> #REF! | AL99: =AK99/$D99 -> #REF! | AO99: =#REF!+#REF! -> #REF! | AP99: =AO99/D99 -> #REF! | AS99: =#REF!+#REF! -> #REF! | AT99: =AS99/$D99 -> #REF! | AW99: =#REF!+#REF! -> #REF! | AX99: =AW99/$D99 -> #REF! | BB99: =#REF!+#REF! -> #REF! | BC99: =#REF!+#REF! -> #REF! | BD99: =#REF!+#REF! -> #REF! | BE99: =#REF!+#REF! -> #REF! | BF99: =SUM(BB99:BE99) -> #REF! | BG99: =J99-BF99 -> #REF! | BH99: =BB99/$D99 -> #REF! | BI99: =BC99/$D99 -> #REF! | BJ99: =BD99/$D99 -> #REF! | BK99: =BE99/$D99 -> #REF!
B100: Water line protection work - Casting | C100: Lm | D100: 2.5 | E100: Lm | R100: 2.5 | S100: =J100/R100 -> 0 | AC100: =#REF! -> #REF! | AD100: =AC100/D100 -> #REF! | AG100: =#REF! -> #REF! | AH100: =AG100/D100 -> #REF! | AK100: =#REF! -> #REF! | AL100: =AK100/$D100 -> #REF! | AO100: =#REF! -> #REF! | AP100: =AO100/D100 -> #REF! | AS100: =#REF! -> #REF! | AT100: =AS100/$D100 -> #REF! | AW100: =#REF! -> #REF! | AX100: =AW100/$D100 -> #REF! | BB100: =#REF! -> #REF! | BC100: =#REF! -> #REF! | BD100: =#REF! -> #REF! | BE100: =#REF! -> #REF! | BF100: =SUM(BB100:BE100) -> #REF! | BG100: =J100-BF100 -> #REF! | BH100: =BB100/$D100 -> #REF! | BI100: =BC100/$D100 -> #REF! | BJ100: =BD100/$D100 -> #REF! | BK100: =BE100/$D100 -> #REF!
B101: MSE Wall Casting | C101: Sqm | D101: 16.7 | E101: Sqm | AC101: =AC56 -> #REF! | AD101: =AC101/D101 -> #REF! | AG101: =AG56 -> #REF! | AH101: =AG101/D101 -> #REF! | AK101: =AK56 -> #REF! | AL101: =AK101/$D101 -> #REF! | AO101: =AO56 -> #REF! | AP101: =AO101/D101 -> #REF! | AS101: =AS56 -> #REF! | AT101: =AS101/$D101 -> #REF! | AW101: =AW56 -> #REF! | AX101: =AW101/$D101 -> #REF! | BB101: =BB56 -> #REF! | BC101: =BC56 -> #REF! | BD101: =BD56 -> #REF! | BE101: =BE56 -> #REF! | BF101: =SUM(BB101:BE101) -> #REF! | BG101: =J101-BF101 -> #REF! | BH101: =BB101/$D101 -> #REF! | BI101: =BC101/$D101 -> #REF! | BJ101: =BD101/$D101 -> #REF! | BK101: =BE101/$D101 -> #REF!
B102: Catch pit - Type A | C102: nr | D102: 0.4 | E102: nr | R102: 0.4 | S102: =J102/R102 -> 0 | AC102: =#REF! -> #REF! | AD102: =AC102/D102 -> #REF! | AG102: =#REF! -> #REF! | AH102: =AG102/D102 -> #REF! | AK102: =#REF! -> #REF! | AL102: =AK102/$D102 -> #REF! | AO102: =#REF! -> #REF! | AP102: =AO102/D102 -> #REF! | AS102: =#REF! -> #REF! | AT102: =AS102/$D102 -> #REF! | AW102: =#REF! -> #REF! | AX102: =AW102/$D102 -> #REF! | BB102: =#REF! -> #REF! | BC102: =#REF! -> #REF! | BD102: =#REF! -> #REF! | BE102: =#REF! -> #REF! | BF102: =SUM(BB102:BE102) -> #REF! | BG102: =J102-BF102 -> #REF! | BH102: =BB102/$D102 -> #REF! | BI102: =BC102/$D102 -> #REF! | BJ102: =BD102/$D102 -> #REF! | BK102: =BE102/$D102 -> #REF!
...

Sheet SUMMARY
C1: Work days | E1: ='Plant utilization'!H1 -> xxxx
C3: Date : | E3: ='Plant utilization'!K1 -> xxxx | H3: Sept-2017 | K3: Site norms
C4: For the Day | F4: For the Month | K4: Month (Cumulative) | M4: T SWAMY | O4: NAGARAJAN | Q4: A.K.SINGH
B5: Equipment | C5: Budg. Days | D5: Actual Days | E5: % of Util | F5: Budg. Days | G5: Actual Days | H5: % of Util | M5: For the Day | N5: For the Month | O5: For the Day | P5: For the Month | Q5: For the Day | R5: For the Month
B6: Bull Dozer | C6: =VLOOKUP($B6,'Plant utilization'!$B$7:$M$158,6,0) -> 0 | D6: =VLOOKUP($B6,'Plant utilization'!$B$7:$M$158,7,0) -> 0 | E6: =IFERROR(C6/D6,0) -> 0 | F6: =VLOOKUP($B6,'Plant utilization'!$B$7:$M$158,10,0) -> 0 | G6: =VLOOKUP($B6,'Plant utilization'!$B$7:$M$158,11,0) -> 0 | H6: =IFERROR(F6/G6,0) -> 0 | K6: ='Plant utilization'!Q7 -> #DIV/0! | M6: ='Plant utilization'!AJ7 | N6: ='Plant utilization'!AN7 | O6: ='Plant utilization'!AR7 | P6: ='Plant utilization'!AV7 | Q6: ='Plant utilization'!AZ7 | R6: ='Plant utilization'!BD7
B7: Front End Loader | C7: =VLOOKUP($B7,'Plant utilization'!$B$7:$M$158,6,0) -> 0 | D7: =VLOOKUP($B7,'Plant utilization'!$B$7:$M$158,7,0) -> 0 | E7: =IFERROR(C7/D7,0) -> 0 | F7: =VLOOKUP($B7,'Plant utilization'!$B$7:$M$158,10,0) -> 0 | G7: =VLOOKUP($B7,'Plant utilization'!$B$7:$M$158,11,0) -> 0 | H7: =IFERROR(F7/G7,0) -> 0 | K7: ='Plant utilization'!Q18 -> #DIV/0! | M7: ='Plant utilization'!AJ18 | N7: ='Plant utilization'!AN18 | O7: ='Plant utilization'!AR18 | P7: ='Plant utilization'!AV18 | Q7: ='Plant utilization'!AZ18 | R7: ='Plant utilization'!BD18
B8: Motor Grader | C8: =VLOOKUP($B8,'Plant utilization'!$B$7:$M$158,6,0) -> 0 | D8: =VLOOKUP($B8,'Plant utilization'!$B$7:$M$158,7,0) -> 0 | E8: =IFERROR(C8/D8,0) -> 0 | F8: =VLOOKUP($B8,'Plant utilization'!$B$7:$M$158,10,0) -> 0 | G8: =VLOOKUP($B8,'Plant utilization'!$B$7:$M$158,11,0) -> 0 | H8: =IFERROR(F8/G8,0) -> 0 | K8: ='Plant utilization'!Q45 -> #DIV/0! | M8: ='Plant utilization'!AJ45 | N8: ='Plant utilization'!AN45 | O8: ='Plant utilization'!AR45 | P8: ='Plant utilization'!AV45 | Q8: ='Plant utilization'!AZ45 | R8: ='Plant utilization'!BD45
B9: Excavator | C9: =VLOOKUP($B9,'Plant utilization'!$B$7:$M$158,6,0) -> 0 | D9: =VLOOKUP($B9,'Plant utilization'!$B$7:$M$158,7,0) -> 0 | E9: =IFERROR(C9/D9,0) -> 0 | F9: =VLOOKUP($B9,'Plant utilization'!$B$7:$M$158,10,0) -> 0 | G9: =VLOOKUP($B9,'Plant utilization'!$B$7:$M$158,11,0) -> 0 | H9: =IFERROR(F9/G9,0) -> 0 | K9: ='Plant utilization'!Q59 -> #DIV/0! | M9: ='Plant utilization'!AJ59 | N9: ='Plant utilization'!AN59 | O9: ='Plant utilization'!AR59 | P9: ='Plant utilization'!AV59 | Q9: ='Plant utilization'!AZ59 | R9: ='Plant utilization'!BD59
B10: Vibratory Roller | C10: =VLOOKUP($B10,'Plant utilization'!$B$7:$M$158,6,0) -> 0 | D10: =VLOOKUP($B10,'Plant utilization'!$B$7:$M$158,7,0) -> 0 | E10: =IFERROR(C10/D10,0) -> 0 | F10: =VLOOKUP($B10,'Plant utilization'!$B$7:$M$158,10,0) -> 0 | G10: =VLOOKUP($B10,'Plant utilization'!$B$7:$M$158,11,0) -> 0 | H10: =IFERROR(F10/G10,0) -> 0 | K10: ='Plant utilization'!Q73 -> #DIV/0! | M10: ='Plant utilization'!AJ73 | N10: ='Plant utilization'!AN73 | O10: ='Plant utilization'!AR73 | P10: ='Plant utilization'!AV73 | Q10: ='Plant utilization'!AZ73 | R10: ='Plant utilization'!BD73
B11: Water Tanker | C11: =VLOOKUP($B11,'Plant utilization'!$B$7:$M$158,6,0) -> 0 | D11: =VLOOKUP($B11,'Plant utilization'!$B$7:$M$158,7,0) -> 0 | E11: =IFERROR(C11/D11,0) -> 0 | F11: =VLOOKUP($B11,'Plant utilization'!$B$7:$M$158,10,0) -> 0 | G11: =VLOOKUP($B11,'Plant utilization'!$B$7:$M$158,11,0) -> 0 | H11: =IFERROR(F11/G11,0) -> 0 | K11: ='Plant utilization'!Q88 -> #DIV/0! | M11: ='Plant utilization'!AJ88 | N11: ='Plant utilization'!AN88 | O11: ='Plant utilization'!AR88 | P11: ='Plant utilization'!AV88 | Q11: ='Plant utilization'!AZ88 | R11: ='Plant utilization'!BD88
B12: Tipper | C12: =VLOOKUP($B12,'Plant utilization'!$B$7:$M$158,6,0) -> 0 | D12: =VLOOKUP($B12,'Plant utilization'!$B$7:$M$158,7,0) -> 0 | E12: =IFERROR(C12/D12,0) -> 0 | F12: =VLOOKUP($B12,'Plant utilization'!$B$7:$M$158,10,0) -> 0 | G12: =VLOOKUP($B12,'Plant utilization'!$B$7:$M$158,11,0) -> 0 | H12: =IFERROR(F12/G12,0) -> 0 | K12: ='Plant utilization'!Q113 -> #DIV/0! | M12: ='Plant utilization'!AJ113 | N12: ='Plant utilization'!AN113 | O12: ='Plant utilization'!AR113 | P12: ='Plant utilization'!AV113 | Q12: ='Plant utilization'!AZ113 | R12: ='Plant utilization'!BD113
B13: JCB | C13: =VLOOKUP($B13,'Plant utilization'!$B$7:$M$158,6,0) -> 0 | D13: =VLOOKUP($B13,'Plant utilization'!$B$7:$M$158,7,0) -> 0 | E13: =IFERROR(C13/D13,0) -> 0 | F13: =VLOOKUP($B13,'Plant utilization'!$B$7:$M$158,10,0) -> 0 | G13: =VLOOKUP($B13,'Plant utilization'!$B$7:$M$158,11,0) -> 0 | H13: =IFERROR(F13/G13,0) -> 0 | K13: ='Plant utilization'!Q145 -> #DIV/0! | M13: ='Plant utilization'!AJ145 | N13: ='Plant utilization'!AN145 | O13: ='Plant utilization'!AR145 | P13: ='Plant utilization'!AV145 | Q13: ='Plant utilization'!AZ145 | R13: ='Plant utilization'!BD145
B15: AVERAGE | E15: =AVERAGE(E6:E13) -> 0 | H15: =AVERAGE(H6:H13) -> 0 | K15: =AVERAGE(K6:K13) -> #DIV/0!
B16: Manpower
B17: Mason | C17: =VLOOKUP($B17,'Manpower utilization'!$B$7:$N$115,6,0) -> 0 | D17: =VLOOKUP($B17,'Manpower utilization'!$B$7:$N$115,7,0) -> 0 | E17: =IFERROR(C17/D17,0) -> 0 | F17: =VLOOKUP($B17,'Manpower utilization'!$B$7:$N$115,10,0) -> 0 | G17: =VLOOKUP($B17,'Manpower utilization'!$B$7:$N$115,11,0) -> 0 | H17: =IFERROR(F17/G17,0) -> 0 | K17: ='Manpower utilization'!T7 -> #DIV/0! | M17: ='Manpower utilization'!AF7 | N17: ='Manpower utilization'!AJ7 | O17: ='Manpower utilization'!AN7 | P17: ='Manpower utilization'!AR7 | Q17: ='Manpower utilization'!AV7 | R17: ='Manpower utilization'!AZ7
B18: Carpenter | C18: =VLOOKUP($B18,'Manpower utilization'!$B$7:$N$115,6,0) -> 0 | D18: =VLOOKUP($B18,'Manpower utilization'!$B$7:$N$115,7,0) -> 0 | E18: =IFERROR(C18/D18,0) -> 0 | F18: =VLOOKUP($B18,'Manpower utilization'!$B$7:$N$115,10,0) -> 0 | G18: =VLOOKUP($B18,'Manpower utilization'!$B$7:$N$115,11,0) -> 0 | H18: =IFERROR(F18/G18,0) -> 0 | K18: ='Manpower utilization'!T28 -> #DIV/0! | M18: ='Manpower utilization'!AF28 | N18: ='Manpower utilization'!AJ28 | O18: ='Manpower utilization'!AN28 | P18: ='Manpower utilization'!AR28 | Q18: ='Manpower utilization'!AV28 | R18: ='Manpower utilization'!AZ28
B19: Steel Fixer | C19: =VLOOKUP($B19,'Manpower utilization'!$B$7:$N$115,6,0) -> 0 | D19: =VLOOKUP($B19,'Manpower utilization'!$B$7:$N$115,7,0) -> 0 | E19: =IFERROR(C19/D19,0) -> 0 | F19: =VLOOKUP($B19,'Manpower utilization'!$B$7:$N$115,10,0) -> 0 | G19: =VLOOKUP($B19,'Manpower utilization'!$B$7:$N$115,11,0) -> 0 | H19: =IFERROR(F19/G19,0) -> 0 | K19: ='Manpower utilization'!T47 -> #DIV/0! | M19: ='Manpower utilization'!AF47 | N19: ='Manpower utilization'!AJ47 | O19: ='Manpower utilization'!AN47 | P19: ='Manpower utilization'!AR47 | Q19: ='Manpower utilization'!AV47 | R19: ='Manpower utilization'!AZ47
B20: Helper | C20: =VLOOKUP($B20,'Manpower utilization'!$B$7:$N$115,6,0) -> 0 | D20: =VLOOKUP($B20,'Manpower utilization'!$B$7:$N$115,7,0) -> 0 | E20: =IFERROR(C20/D20,0) -> 0 | F20: =VLOOKUP($B20,'Manpower utilization'!$B$7:$N$115,10,0) -> 0 | G20: =VLOOKUP($B20,'Manpower utilization'!$B$7:$N$115,11,0) -> 0 | H20: =IFERROR(F20/G20,0) -> 0 | K20: ='Manpower utilization'!T62 -> #VALUE! | M20: ='Manpower utilization'!AF62 | N20: ='Manpower utilization'!AJ62 | O20: ='Manpower utilization'!AN62 | P20: ='Manpower utilization'!AR62 | Q20: ='Manpower utilization'!AV62 | R20: ='Manpower utilization'!AZ62
B22: AVERAGE | E22: =AVERAGE(E17:E20) -> 0 | H22: =AVERAGE(H17:H20) -> 0 | K22: =AVERAGE(K17:K20) -> #DIV/0!

Sheet Daily Deployment
A2: Total hours deployed everyday FTM xxxx (Day Shift)
A4: Sl.Nr. | B4: Vehicle/Equipment | C4: Plan hours | I4: 1 | J4: 2 | K4: 3 | L4: 4 | M4: 5 | N4: 6 | O4: 7 | P4: 8 | Q4: 9 | R4: 10 | S4: 11 | T4: 12 | U4: 13 | V4: 14 | W4: 15 | X4: 16 | Y4: 17 | Z4: 18 | AA4: 19 | AB4: 20 | AC4: 21 | AD4: 22 | AE4: 23 | AF4: 24 | AG4: 25 | AH4: 26 | AI4: 27 | AJ4: 28 | AK4: 29 | AL4: 30 | AM4: 31 | AN4: Total
A5: 1 | B5: Dozer | AN5: =SUM(I5:AM5) -> 0
A6: 2 | B6: Grader | AN6: =SUM(I6:AM6) -> 0
A7: 3 | B7: V.Roller | AN7: =SUM(I7:AM7) -> 0
A8: 4 | B8: Shovel | AN8: =SUM(I8:AM8) -> 0
A9: 5 | B9: Excavator | AN9: =SUM(I9:AM9) -> 0
A10: 6 | B10: JCB | AN10: =SUM(I10:AM10) -> 0
A11: 7 | B11: Tipper | AN11: =SUM(I11:AM11) -> 0
A12: 8 | B12: Tipper Trailer | AN12: =SUM(I12:AM12) -> 0
A13: 9 | B13: W.Tanker | AN13: =SUM(I13:AM13) -> 0
A15: Total hours deployed everyday FTM xxxx (Night Shift)
A17: Sl.Nr. | B17: Vehicle/Equipment | C17: =+C4 -> Plan hours | I17: 1 | J17: 2 | K17: 3 | L17: 4 | M17: 5 | N17: 6 | O17: 7 | P17: 8 | Q17: 9 | R17: 10 | S17: 11 | T17: 12 | U17: 13 | V17: 14 | W17: 15 | X17: 16 | Y17: 17 | Z17: 18 | AA17: 19 | AB17: 20 | AC17: 21 | AD17: 22 | AE17: 23 | AF17: 24 | AG17: 25 | AH17: 26 | AI17: 27 | AJ17: 28 | AK17: 29 | AL17: 30 | AM17: 31 | AN17: Total
A18: 1 | B18: Dozer | AN18: =SUM(I18:AM18) -> 0
A19: 2 | B19: Grader | AN19: =SUM(I19:AM19) -> 0
A20: 3 | B20: V.Roller | AN20: =SUM(I20:AM20) -> 0
A21: 4 | B21: Shovel | AN21: =SUM(I21:AM21) -> 0
A22: 5 | B22: Excavator | AN22: =SUM(I22:AM22) -> 0
A23: 6 | B23: JCB | AN23: =SUM(I23:AM23) -> 0
A24: 7 | B24: Tipper | AN24: =SUM(I24:AM24) -> 0
A25: 8 | B25: Tipper/Trailer | AN25: =SUM(I25:AM25) -> 0
A26: 9 | B26: W.Tanker | AN26: =SUM(I26:AM26) -> 0
A28: Total hours deployed everyday FTM XXXX
A30: Sl.Nr. | B30: Vehicle/Equipment | C30: Projection hours | I30: 1 | J30: 2 | K30: 3 | L30: 4 | M30: 5 | N30: 6 | O30: 7 | P30: 8 | Q30: 9 | R30: 10 | S30: 11 | T30: 12 | U30: 13 | V30: 14 | W30: 15 | X30: 16 | Y30: 17 | Z30: 18 | AA30: 19 | AB30: 20 | AC30: 21 | AD30: 22 | AE30: 23 | AF30: 24 | AG30: 25 | AH30: 26 | AI30: 27 | AJ30: 28 | AK30: 29 | AL30: 30 | AM30: 31 | AN30: Total
A31: 1 | B31: Dozer | C31: =C5+C18 -> 0 | I31: =I5+0.9*I18 -> 0 | J31: =J5+0.9*J18 -> 0 | K31: =K5+0.9*K18 -> 0 | L31: =L5+0.9*L18 -> 0 | M31: =M5+0.9*M18 -> 0 | N31: =N5+0.9*N18 -> 0 | O31: =O5+0.9*O18 -> 0 | P31: =P5+0.9*P18 -> 0 | ... AM31: =AM5+0.9*AM18 -> 0 | AN31: =SUM(I31:AM31) -> 0 | AO31: =AL31/10 -> 0 | AQ31: =AN31/10 -> 0
A32: 2 | B32: Grader | C32: =C6+C19 -> 0 | I32: =I6+0.9*I19 -> 0 | J32: =J6+0.9*J19 -> 0 | K32: =K6+0.9*K19 -> 0 | L32: =L6+0.9*L19 -> 0 | M32: =M6+0.9*M19 -> 0 | N32: =N6+0.9*N19 -> 0 | O32: =O6+0.9*O19 -> 0 | P32: =P6+0.9*P19 -> 0 | ... AM32: =AM6+0.9*AM19 -> 0 | AN32: =SUM(I32:AM32) -> 0 | AO32: =AL32/10 -> 0 | AQ32: =AN32/10 -> 0
A33: 3 | B33: V.Roller | C33: =C7+C20 -> 0 | I33: =I7+0.9*I20 -> 0 | J33: =J7+0.9*J20 -> 0 | K33: =K7+0.9*K20 -> 0 | L33: =L7+0.9*L20 -> 0 | M33: =M7+0.9*M20 -> 0 | N33: =N7+0.9*N20 -> 0 | O33: =O7+0.9*O20 -> 0 | P33: =P7+0.9*P20 -> 0 | ... AM33: =AM7+0.9*AM20 -> 0 | AN33: =SUM(I33:AM33) -> 0 | AO33: =AL33/10 -> 0 | AQ33: =AN33/10 -> 0
A34: 4 | B34: Shovel | C34: =C8+C21 -> 0 | I34: =I8+0.9*I21 -> 0 | J34: =J8+0.9*J21 -> 0 | K34: =K8+0.9*K21 -> 0 | L34: =L8+0.9*L21 -> 0 | M34: =M8+0.9*M21 -> 0 | N34: =N8+0.9*N21 -> 0 | O34: =O8+0.9*O21 -> 0 | P34: =P8+0.9*P21 -> 0 | ... AM34: =AM8+0.9*AM21 -> 0 | AN34: =SUM(I34:AM34) -> 0 | AO34: =AL34/10 -> 0 | AQ34: =AN34/10 -> 0
A35: 5 | B35: Excavator | C35: =C9+C22 -> 0 | I35: =I9+0.9*I22 -> 0 | J35: =J9+0.9*J22 -> 0 | K35: =K9+0.9*K22 -> 0 | L35: =L9+0.9*L22 -> 0 | M35: =M9+0.9*M22 -> 0 | N35: =N9+0.9*N22 -> 0 | O35: =O9+0.9*O22 -> 0 | P35: =P9+0.9*P22 -> 0 | ... AM35: =AM9+0.9*AM22 -> 0 | AN35: =SUM(I35:AM35) -> 0 | AO35: =AL35/10 -> 0 | AQ35: =AN35/10 -> 0
A36: 6 | B36: JCB | C36: =C10+C23 -> 0 | I36: =I10+0.9*I23 -> 0 | J36: =J10+0.9*J23 -> 0 | K36: =K10+0.9*K23 -> 0 | L36: =L10+0.9*L23 -> 0 | M36: =M10+0.9*M23 -> 0 | N36: =N10+0.9*N23 -> 0 | O36: =O10+0.9*O23 -> 0 | P36: =P10+0.9*P23 -> 0 | ... AM36: =AM10+0.9*AM23 -> 0 | AN36: =SUM(I36:AM36) -> 0 | AO36: =AL36/10 -> 0 | AQ36: =AN36/10 -> 0
A37: 7 | B37: Tipper | C37: =C11+C24 -> 0 | I37: =I11+0.9*I24 -> 0 | J37: =J11+0.9*J24 -> 0 | K37: =K11+0.9*K24 -> 0 | L37: =L11+0.9*L24 -> 0 | M37: =M11+0.9*M24 -> 0 | N37: =N11+0.9*N24 -> 0 | O37: =O11+0.9*O24 -> 0 | P37: =P11+0.9*P24 -> 0 | ... AM37: =AM11+0.9*AM24 -> 0 | AN37: =SUM(I37:AM37) -> 0 | AO37: =AL37/10 -> 0 | AQ37: =AN37/10 -> 0
A38: 8 | B38: Tipper/Trailer | I38: =I12+0.9*I25 -> 0 | J38: =J12+0.9*J25 -> 0 | K38: =K12+0.9*K25 -> 0 | L38: =L12+0.9*L25 -> 0 | M38: =M12+0.9*M25 -> 0 | N38: =N12+0.9*N25 -> 0 | O38: =O12+0.9*O25 -> 0 | P38: =P12+0.9*P25 -> 0 | ... AM38: =AM12+0.9*AM25 -> 0 | AN38: =SUM(I38:AM38) -> 0 | AO38: =AL38/10 -> 0 | AQ38: =AN38/10 -> 0
A39: 9 | B39: W.Tanker | C39: =C13+C26 -> 0 | I39: =I13+0.9*I26 -> 0 | J39: =J13+0.9*J26 -> 0 | K39: =K13+0.9*K26 -> 0 | L39: =L13+0.9*L26 -> 0 | M39: =M13+0.9*M26 -> 0 | N39: =N13+0.9*N26 -> 0 | O39: =O13+0.9*O26 -> 0 | P39: =P13+0.9*P26 -> 0 | ... AM39: =AM13+0.9*AM26 -> 0 | AN39: =SUM(I39:AM39) -> 0 | AO39: =AL39/10 -> 0 | AQ39: =AN39/10 -> 0

Sheet DPR
A1: Progress for the Month of xxxx
A2: PROJECT : | C2: Date :
A6: CLIENT : | C6: Weather : Clear
A7: ENGINEER :
A8: CONTRACTOR : | E8: Projection | G8: Achived | AQ8: Site Manager 1 | AS8: Site Manager 2 | AU8: Site Manager 3
A9: ITEM NO. | B9: ITEM DESCRIPTION | C9: Unit | D9: Revised Unit Rate (After Rebate) | E9: QTY. | F9: Amount | G9: QTY. | H9: Amount | I9: date 1 | J9: date 2 | K9: date 3 | L9: date 4 | M9: date 5 | N9: date 6 | O9: date 7 | P9: date 8 | Q9: date 9 | R9: date 10 | S9: date 11 | T9: date 12 | U9: date 13 | V9: date 14 | W9: date 15 | X9: date 16 | Y9: date 17 | Z9: date 18 | AA9: date 19 | AB9: date 20 | AC9: date 21 | AD9: date 22 | AE9: date 23 | AF9: date 24 | AG9: date 25 | AH9: date 26 | AI9: date 27 | AJ9: date 28 | AK9: date 29 | AL9: date 30 | AM9: date 31 | AQ9: FTD | AR9: FTM | AS9: FTD | AT9: FTM | AU9: FTD | AV9: FTM | BA9: Week1 | BB9: Week2 | BC9: Week3 | BD9: Week4 | BE9: Week5
A10: 1 | B10: Preliminaries | C10: RO | D10: 1 | F10: =E10*D10 -> 0 | H10: =G10*D10 -> 0 | AW10: =AR10+AT10+AV10 -> 0 | AX10: =G10-AU10 -> 0 | BA10: 1 to 7 | BB10: 9 to 14 | BC10: 16 to 22 | BD10: 23 to 28
A11: 1.3.5(i)a | B11: Soil Investigation and report | C11: LS | D11: 7215 | F11: =E11*D11 -> 0 | H11: =G11*D11 -> 0 | AW11: =AR11+AT11+AV11 -> 0 | AX11: =G11-AU11 -> 0 | BA11: =SUM(I11:O11) -> 0 | BB11: =SUM(Q11:V11) -> 0 | BC11: =SUM(X11:AD11) -> 0 | BD11: =SUM(AE11:AJ11) -> 0
A12: 1.3.5(i)b | B12: Setting up at bore hole position for test up to 30m | C12: Nr. | D12: 32 | F12: =E12*D12 -> 0 | H12: =G12*D12 -> 0 | AW12: =AR12+AT12+AV12 -> 0 | AX12: =G12-AU12 -> 0 | BA12: =SUM(I12:O12) -> 0 | BB12: =SUM(Q12:V12) -> 0 | BC12: =SUM(X12:AD12) -> 0 | BD12: =SUM(AE12:AJ12) -> 0
A13: 1.3.5(i)c | B13: Setting up at bore hole position for test up to 10m | C13: Nr. | D13: 32 | F13: =E13*D13 -> 0 | H13: =G13*D13 -> 0 | AW13: =AR13+AT13+AV13 -> 0 | AX13: =G13-AU13 -> 0 | BA13: =SUM(I13:O13) -> 0 | BB13: =SUM(Q13:V13) -> 0 | BC13: =SUM(X13:AD13) -> 0 | BD13: =SUM(AE13:AJ13) -> 0
A14: 1.3.5(i)d | B14: Rotary core drilling up to 30m deep | C14: lin.m. | D14: 27 | F14: =E14*D14 -> 0 | H14: =G14*D14 -> 0 | AW14: =AR14+AT14+AV14 -> 0 | AX14: =G14-AU14 -> 0 | BA14: =SUM(I14:O14) -> 0 | BB14: =SUM(Q14:V14) -> 0 | BC14: =SUM(X14:AD14) -> 0 | BD14: =SUM(AE14:AJ14) -> 0
A15: 1.3.5(i)e | B15: Establish Location and excavate test pit 3m deep | C15: Nr. | D15: 42 | F15: =E15*D15 -> 0 | H15: =G15*D15 -> 0 | AW15: =AR15+AT15+AV15 -> 0 | AX15: =G15-AU15 -> 0 | BA15: =SUM(I15:O15) -> 0 | BB15: =SUM(Q15:V15) -> 0 | BC15: =SUM(X15:AD15) -> 0 | BD15: =SUM(AE15:AJ15) -> 0
A16: 1.3.5(ii) | B16: Design and approvel of IC construction | C16: LS | D16: 299000 | F16: =E16*D16 -> 0 | H16: =G16*D16 -> 0 | AW16: =AR16+AT16+AV16 -> 0 | AX16: =G16-AU16 -> 0 | BA16: =SUM(I16:O16) -> 0 | BB16: =SUM(Q16:V16) -> 0 | BC16: =SUM(X16:AD16) -> 0 | BD16: =SUM(AE16:AJ16) -> 0
A17: 1.4.3(i) | B17: Mobilization and demobilization | C17: LS | D17: 1624892.1 | F17: =E17*D17 -> 0 | H17: =G17*D17 -> 0 | AW17: =AR17+AT17+AV17 -> 0 | AX17: =G17-AU17 -> 0 | BA17: =SUM(I17:O17) -> 0 | BB17: =SUM(Q17:V17) -> 0 | BC17: =SUM(X17:AD17) -> 0 | BD17: =SUM(AE17:AJ17) -> 0
A18: 1.4.3(ii) | B18: Maintenance of Contractor's site facilities | C18: Month | D18: 138093.25 | F18: =E18*D18 -> 0 | H18: =G18*D18 -> 0 | AW18: =AR18+AT18+AV18 -> 0 | AX18: =G18-AW18 -> 0 | BA18: =SUM(I18:O18) -> 0 | BB18: =SUM(Q18:V18) -> 0 | BC18: =SUM(X18:AD18) -> 0 | BD18: =SUM(AE18:AJ18) -> 0
A19: 1.7.6(i)a | B19: Maintenance and Protection of Traffic | C19: Month | D19: 18184 | F19: =E19*D19 -> 0 | H19: =G19*D19 -> 0 | AW19: =AR19+AT19+AV19 -> 0 | AX19: =G19-AW19 -> 0 | BA19: =SUM(I19:O19) -> 0 | BB19: =SUM(Q19:V19) -> 0 | BC19: =SUM(X19:AD19) -> 0 | BD19: =SUM(AE19:AJ19) -> 0
A20: 1.7.6(ii) | B20: Sub-base on diversions | C20: Cum | D20: 2.4 | F20: =E20*D20 -> 0 | H20: =G20*D20 -> 0 | AW20: =AR20+AT20+AV20 -> 0 | AX20: =G20-AW20 -> 0 | BA20: =SUM(I20:O20) -> 0 | BB20: =SUM(Q20:V20) -> 0 | BC20: =SUM(X20:AD20) -> 0 | BD20: =SUM(AE20:AJ20) -> 0
A21: 1.7.6(iii) | B21: Bituminous base course on diversions | C21: Cum | D21: 35.5 | F21: =E21*D21 -> 0 | H21: =G21*D21 -> 0 | AW21: =AR21+AT21+AV21 -> 0 | AX21: =G21-AW21 -> 0 | BA21: =SUM(I21:O21) -> 0 | BB21: =SUM(Q21:V21) -> 0 | BC21: =SUM(X21:AD21) -> 0 | BD21: =SUM(AE21:AJ21) -> 0
A22: 1.7.6(iv) | B22: Prime coat | C22: Kg | D22: 0.46 | F22: =E22*D22 -> 0 | H22: =G22*D22 -> 0 | AW22: =AR22+AT22+AV22 -> 0 | AX22: =G22-AW22 -> 0 | BA22: =SUM(I22:O22) -> 0 | BB22: =SUM(Q22:V22) -> 0 | BC22: =SUM(X22:AD22) -> 0 | BD22: =SUM(AE22:AJ22) -> 0
A23: 1.10.6(i) | B23: Provision of 5 sets of photographs (294X210mm) | C23: Month | D23: 343 | F23: =E23*D23 -> 0 | H23: =G23*D23 -> 0 | AW23: =AR23+AT23+AV23 -> 0 | AX23: =G23-AW23 -> 0 | BA23: =SUM(I23:O23) -> 0 | BB23: =SUM(Q23:V23) -> 0 | BC23: =SUM(X23:AD23) -> 0 | BD23: =SUM(AE23:AJ23) -> 0
A24: 1.10.6(ii) | B24: Provision of two sets of Video recordings as specified | C24: Month | D24: 290 | F24: =E24*D24 -> 0 | H24: =G24*D24 -> 0 | AW24: =AR24+AT24+AV24 -> 0 | AX24: =G24-AW24 -> 0 | BA24: =SUM(I24:O24) -> 0 | BB24: =SUM(Q24:V24) -> 0 | BC24: =SUM(X24:AD24) -> 0 | BD24: =SUM(AE24:AJ24) -> 0
A25: 1.11.8(i) | B25: As-buit drawings, record drawings, record etc.4 | C25: LS | D25: 5550 | F25: =E25*D25 -> 0 | H25: =G25*D25 -> 0 | AW25: =AR25+AT25+AV25 -> 0 | AX25: =G25-AW25 -> 0 | BA25: =SUM(I25:O25) -> 0 | BB25: =SUM(Q25:V25) -> 0 | BC25: =SUM(X25:AD25) -> 0 | BD25: =SUM(AE25:AJ25) -> 0
A26: 1.14.7(i) | B26: project signboards (Alluminium) | C26: Nr. | D26: 2220 | F26: =E26*D26 -> 0 | H26: =G26*D26 -> 0 | AW26: =AR26+AT26+AV26 -> 0 | AX26: =G26-AW26 -> 0 | BA26: =SUM(I26:O26) -> 0 | BB26: =SUM(Q26:V26) -> 0 | BC26: =SUM(X26:AD26) -> 0 | BD26: =SUM(AE26:AJ26) -> 0
A27: 1.15.4(i) | B27: Provision and erection of commemorative plaque | C27: Nr. | D27: 2775 | F27: =E27*D27 -> 0 | H27: =G27*D27 -> 0 | AW27: =AR27+AT27+AV27 -> 0 | AX27: =G27-AW27 -> 0 | BA27: =SUM(I27:O27) -> 0 | BB27: =SUM(Q27:V27) -> 0 | BC27: =SUM(X27:AD27) -> 0 | BD27: =SUM(AE27:AJ27) -> 0
A28: 1.15.4(ii) | B28: Opening ceremony including all facilitities | C28: LS | D28: 3885 | F28: =E28*D28 -> 0 | H28: =G28*D28 -> 0 | AW28: =AR28+AT28+AV28 -> 0 | AX28: =G28-AW28 -> 0 | BA28: =SUM(I28:O28) -> 0 | BB28: =SUM(Q28:V28) -> 0 | BC28: =SUM(X28:AD28) -> 0 | BD28: =SUM(AE28:AJ28) -> 0
A29: 2.1.5(i) | B29: Clear site of all trees less than 300mm | C29: Sq.m | D29: 0.35 | F29: =E29*D29 -> 0 | H29: =G29*D29 -> 0 | AW29: =AR29+AT29+AV29 -> 0 | AX29: =G29-AW29 -> 0 | BA29: =SUM(I29:O29) -> 0 | BB29: =SUM(Q29:V29) -> 0 | BC29: =SUM(X29:AD29) -> 0 | BD29: =SUM(AE29:AJ29) -> 0
... A40: 2.3.6(i) | B40: Unclassified excavation | C40: Cum | D40: 2.41 | F40: =E40*D40 -> 0 | H40: =G40*D40 -> 0 | AW40: =AR40+AT40+AV40 -> 0 | AX40: =G40-AW40 -> 0 | BA40: =SUM(I40:O40) -> 0 | BB40: =SUM(Q40:V40) -> 0 | BC40: =SUM(X40:AD40) -> 0 | BD40: =SUM(AE40:AJ40) -> 0
B41: Unclassified excavation | C41: Cum | D41: 0.871 | F41: =E41*D41 -> 0 | H41: =G41*D41 -> 0 | AW41: =AR41+AT41+AV41 -> 0 | AX41: =G41-AW41 -> 0 | BA41: =SUM(I41:O41) -> 0 | BB41: =SUM(Q41:V41) -> 0 | BC41: =SUM(X41:AD41) -> 0 | BD41: =SUM(AE41:AJ41) -> 0
A42: 2.4.6(i)a1 | B42: Borrow excavation to embankment-Extraction and screening | C42: Cum | F42: =E42*D42 -> 0 | H42: =G42*D42 -> 0 | AW42: =AR42+AT42+AV42 -> 0 | AX42: =G42-AW42 -> 0 | BA42: =SUM(I42:O42) -> 0 | BB42: =SUM(Q42:V42) -> 0 | BC42: =SUM(X42:AD42) -> 0 | BD42: =SUM(AE42:AJ42) -> 0
A43: 2.4.6(i)a-1 | B43: Borrow excavation to embankment-Transportation | C43: Cum | D43: 0 | F43: =E43*D43 -> 0 | H43: =G43*D43 -> 0 | AW43: =AR43+AT43+AV43 -> 0 | AX43: =G43-AW43 -> 0 | BA43: =SUM(I43:O43) -> 0 | BB43: =SUM(Q43:V43) -> 0 | BC43: =SUM(X43:AD43) -> 0 | BD43: =SUM(AE43:AJ43) -> 0
A44: 2.4.6(i)a2 | B44: Borrow excavation to Embankment-Hauling and compaction | C44: Cum | D44: 1.539 | F44: =E44*D44 -> 0 | H44: =G44*D44 -> 0 | AW44: =AR44+AT44+AV44 -> 0 | AX44: =G44-AW44 -> 0 | BA44: =SUM(I44:O44) -> 0 | BB44: =SUM(Q44:V44) -> 0 | BC44: =SUM(X44:AD44) -> 0 | BD44: =SUM(AE44:AJ44) -> 0
A45: 2.6.6(i) | B45: Subgrade preparation in cut | C45: Sqm | D45: 0.78 | F45: =E45*D45 -> 0 | H45: =G45*D45 -> 0 | AW45: =AR45+AT45+AV45 -> 0 | AX45: =G45-AW45 -> 0 | BA45: =SUM(I45:O45) -> 0 | BB45: =SUM(Q45:V45) -> 0 | BC45: =SUM(X45:AD45) -> 0 | BD45: =SUM(AE45:AJ45) -> 0
A46: 2.7.6(i) | B46: Unclassified structural excavation (depth 0m to 2.0m) (Excavation) | C46: Cum | D46: 2.125 | F46: =E46*D46 -> 0 | H46: =G46*D46 -> 0 | AW46: =AR46+AT46+AV46 -> 0 | AX46: =G46-AW46 -> 0 | BA46: =SUM(I46:O46) -> 0 | BB46: =SUM(Q46:V46) -> 0 | BC46: =SUM(X46:AD46) -> 0 | BD46: =SUM(AE46:AJ46) -> 0
B47: Unclassified structural excavation (depth 0m to 2.0m) (Backfilling) | C47: Cum | D47: 2.125 | F47: =E47*D47 -> 0 | H47: =G47*D47 -> 0 | AW47: =AR47+AT47+AV47 -> 0 | AX47: =G47-AW47 -> 0 | BA47: =SUM(I47:O47) -> 0 | BB47: =SUM(Q47:V47) -> 0 | BC47: =SUM(X47:AD47) -> 0 | BD47: =SUM(AE47:AJ47) -> 0
A48: 2.7.6(ii) | B48: Unclassified structural excavation (depth >2.0m to <4.0m) | C48: Cum | D48: 5.63 | F48: =E48*D48 -> 0 | H48: =G48*D48 -> 0 | AW48: =AR48+AT48+AV48 -> 0 | AX48: =G48-AW48 -> 0 | BA48: =SUM(I48:O48) -> 0 | BB48: =SUM(Q48:V48) -> 0 | BC48: =SUM(X48:AD48) -> 0 | BD48: =SUM(AE48:AJ48) -> 0
A49: 2.7.6(iii) | B49: Unclassified structural excavation (depth ≥ 4.0m) | C49: Cum | D49: 8.16 | F49: =E49*D49 -> 0 | H49: =G49*D49 -> 0 | AW49: =AR49+AT49+AV49 -> 0 | AX49: =G49-AW49 -> 0 | BA49: =SUM(I49:O49) -> 0 | BB49: =SUM(Q49:V49) -> 0 | BC49: =SUM(X49:AD49) -> 0 | BD49: =SUM(AE49:AJ49) -> 0
A50: 2.7.6(iv) | B50: Unclassified structural excavation (under water) | C50: Cum | D50: 8.56 | F50: =E50*D50 -> 0 | H50: =G50*D50 -> 0 | AW50: =AR50+AT50+AV50 -> 0 | AX50: =G50-AW50 -> 0 | BA50: =SUM(I50:O50) -> 0 | BB50: =SUM(Q50:V50) -> 0 | BC50: =SUM(X50:AD50) -> 0 | BD50: =SUM(AE50:AJ50) -> 0
A51: 2.8.6(i) | B51: Trench excavation and Backfill depth (depth 0 to 2.0m) | C51: Cum | D51: 6.55 | F51: =E51*D51 -> 0 | H51: =G51*D51 -> 0 | AW51: =AR51+AT51+AV51 -> 0 | AX51: =G51-AW51 -> 0 | BA51: =SUM(I51:O51) -> 0 | BB51: =SUM(Q51:V51) -> 0 | BC51: =SUM(X51:AD51) -> 0 | BD51: =SUM(AE51:AJ51) -> 0
A52: 2.8.6(ii) | B52: Trench excavation and Backfill depth (depth > 2.0m to ≤ 3.0m) | C52: Cum | D52: 8.1 | F52: =E52*D52 -> 0 | H52: =G52*D52 -> 0 | AW52: =AR52+AT52+AV52 -> 0 | AX52: =G52-AW52 -> 0 | BA52: =SUM(I52:O52) -> 0 | BB52: =SUM(Q52:V52) -> 0 | BC52: =SUM(X52:AD52) -> 0 | BD52: =SUM(AE52:AJ52) -> 0
A53: 3.2.6(ii)1 | B53: GSB (Class B)-Extraction and Screening | C53: Cum | F53: =E53*D53 -> 0 | H53: =G53*D53 -> 0 | AW53: =AR53+AT53+AV53 -> 0 | AX53: =G53-AW53 -> 0 | BA53: =SUM(I53:O53) -> 0 | BB53: =SUM(Q53:V53) -> 0 | BC53: =SUM(X53:AD53) -> 0 | BD53: =SUM(AE53:AJ53) -> 0
B54: GSB (Class B)-Transportation | C54: Cum | F54: =E54*D54 -> 0 | H54: =G54*D54 -> 0 | AW54: =AR54+AT54+AV54 -> 0 | AX54: =G54-AW54 -> 0 | BA54: =SUM(I54:O54) -> 0 | BB54: =SUM(Q54:V54) -> 0 | BC54: =SUM(X54:AD54) -> 0 | BD54: =SUM(AE54:AJ54) -> 0
A55: 3.2.6(ii)2 | B55: GSB (Class B)-Hauling and compaction | C55: Cum | D55: 2.32 | F55: =E55*D55 -> 0 | H55: =G55*D55 -> 0 | AW55: =AR55+AT55+AV55 -> 0 | AX55: =G55-AW55 -> 0 | BA55: =SUM(I55:O55) -> 0 | BB55: =SUM(Q55:V55) -> 0 | BC55: =SUM(X55:AD55) -> 0 | BD55: =SUM(AE55:AJ55) -> 0
A56: 3.3.6(ii)1 | B56: ABC (Class A)-Extraction and Screening | C56: Cum | D56: 0 | F56: =E56*D56 -> 0 | H56: =G56*D56 -> 0 | AW56: =AR56+AT56+AV56 -> 0 | AX56: =G56-AW56 -> 0 | BA56: =SUM(I56:O56) -> 0 | BB56: =SUM(Q56:V56) -> 0 | BC56: =SUM(X56:AD56) -> 0 | BD56: =SUM(AE56:AJ56) -> 0
A57: 3.3.6(ii)2 | B57: ABC (Class A)-Crushing | C57: Cum | D57: 0 | F57: =E57*D57 -> 0 | H57: =G57*D57 -> 0 | AW57: =AR57+AT57+AV57 -> 0 | AX57: =G57-AW57 -> 0 | BA57: =SUM(I57:O57) -> 0 | BB57: =SUM(Q57:V57) -> 0 | BC57: =SUM(X57:AD57) -> 0 | BD57: =SUM(AE57:AJ57) -> 0
A58: 3.3.6(ii)3 | B58: ABC (Class A)-Production, Hauling and Compaction | C58: Cum | D58: 4.46 | F58: =E58*D58 -> 0 | H58: =G58*D58 -> 0 | AW58: =AR58+AT58+AV58 -> 0 | AX58: =G58-AW58 -> 0 | BA58: =SUM(I58:O58) -> 0 | BB58: =SUM(Q58:V58) -> 0 | BC58: =SUM(X58:AD58) -> 0 | BD58: =SUM(AE58:AJ58) -> 0
B59: ABC (Class A)-Crushing & Transportation (Al Adrak Material) | D59: 3.46 | F59: =E59*D59 -> 0 | H59: =G59*D59 -> 0 | AW59: =AR59+AT59+AV59 -> 0 | AX59: =G59-AW59 -> 0 | BA59: =SUM(I59:O59) -> 0 | BB59: =SUM(Q59:V59) -> 0 | BC59: =SUM(X59:AD59) -> 0 | BD59: =SUM(AE59:AJ59) -> 0
B60: ABC (Class A)-Production, Hauling and Compaction | D60: 1 | F60: =E60*D60 -> 0 | H60: =G60*D60 -> 0 | AW60: =AR60+AT60+AV60 -> 0 | AX60: =G60-AW60 -> 0 | BA60: =SUM(I60:O60) -> 0 | BB60: =SUM(Q60:V60) -> 0 | BC60: =SUM(X60:AD60) -> 0 | BD60: =SUM(AE60:AJ60) -> 0
A61: 4.2.8(i) | B61: Bituminous prime coat | C61: Kg | D61: 0.46 | F61: =E61*D61 -> 0 | H61: =G61*D61 -> 0 | AW61: =AR61+AT61+AV61 -> 0 | AX61: =G61-AW61 -> 0 | BA61: =SUM(I61:O61) -> 0 | BB61: =SUM(Q61:V61) -> 0 | BC61: =SUM(X61:AD61) -> 0 | BD61: =SUM(AE61:AJ61) -> 0
A62: 4.2.8(ii) | B62: Bituminous tack coat | C62: Kg | D62: 0.36 | F62: =E62*D62 -> 0 | H62: =G62*D62 -> 0 | AW62: =AR62+AT62+AV62 -> 0 | AX62: =G62-AW62 -> 0 | BA62: =SUM(I62:O62) -> 0 | BB62: =SUM(Q62:V62) -> 0 | BC62: =SUM(X62:AD62) -> 0 | BD62: =SUM(AE62:AJ62) -> 0
A63: 4.4.14(i) | B63: BBC - Production, Laying and Compaction (Class B) | C63: Cum | D63: 35.375 | F63: =E63*D63 -> 0 | H63: =G63*D63 -> 0 | AW63: =AR63+AT63+AV63 -> 0 | AX63: =G63-AW63 -> 0 | BA63: =SUM(I63:O63) -> 0 | BB63: =SUM(Q63:V63) -> 0 | BC63: =SUM(X63:AD63) -> 0 | BD63: =SUM(AE63:AJ63) -> 0
A64: 4.5.14(ii) | B64: BWC - Production, laying and Compaction (Class B) | C64: Cum | D64: 38.236 | F64: =E64*D64 -> 0 | H64: =G64*D64 -> 0 | AW64: =AR64+AT64+AV64 -> 0 | AX64: =G64-AW64 -> 0 | BA64: =SUM(I64:O64) -> 0 | BB64: =SUM(Q64:V64) -> 0 | BC64: =SUM(X64:AD64) -> 0 | BD64: =SUM(AE64:AJ64) -> 0
A65: 4.9.10(i) | B65: Surface milling (up to 50mm thick) | C65: Sqm | D65: 0.99 | F65: =E65*D65 -> 0 | H65: =G65*D65 -> 0 | AW65: =AR65+AT65+AV65 -> 0 | AX65: =G65-AW65 -> 0 | BA65: =SUM(I65:O65) -> 0 | BB65: =SUM(Q65:V65) -> 0 | BC65: =SUM(X65:AD65) -> 0 | BD65: =SUM(AE65:AJ65) -> 0
A66: 4.10.6(i) | B66: Pavement Widening including unclassified excavation, sub grade preparation, aggregate base course, bituminous wearing course, including saw cutting & abutting, stepping as necessary, etc. all as per drawing, specification,carting away debris and making good to match with existing. | C66: Sqm | D66: 11.93 | F66: =E66*D66 -> 0 | H66: =G66*D66 -> 0 | AW66: =AR66+AT66+AV66 -> 0 | AX66: =G66-AW66 -> 0 | BA66: =SUM(I66:O66) -> 0 | BB66: =SUM(Q66:V66) -> 0 | BC66: =SUM(X66:AD66) -> 0 | BD66: =SUM(AE66:AJ66) -> 0
A67: 4.12.10(i) | B67: International roughness index. (IRI) | C67: lin.m. | D67: 0.18 | F67: =E67*D67 -> 0 | H67: =G67*D67 -> 0 | AW67: =AR67+AT67+AV67 -> 0 | AX67: =G67-AW67 -> 0 | BA67: =SUM(I67:O67) -> 0 | BB67: =SUM(Q67:V67) -> 0 | BC67: =SUM(X67:AD67) -> 0 | BD67: =SUM(AE67:AJ67) -> 0
A68: 5.1.7(i)a | B68: Concrete (Class15),blinding for culverts,Bridges, retaining walls,under/overpass foundations, mass concrete etc. | C68: Cum | D68: 31.01 | F68: =E68*D68 -> 0 | H68: =G68*D68 -> 0 | AW68: =AR68+AT68+AV68 -> 0 | AX68: =G68-AW68 -> 0 | BA68: =SUM(I68:O68) -> 0 | BB68: =SUM(Q68:V68) -> 0 | BC68: =SUM(X68:AD68) -> 0 | BD68: =SUM(AE68:AJ68) -> 0
A69: 5.1.7(i)b | B69: Concrete Class30, for Box culvert barrel, wing walls, apron slab, cut off walls, headwalls etc | C69: Cum | D69: 45.7 | F69: =E69*D69 -> 0 | H69: =G69*D69 -> 0 | AW69: =AR69+AT69+AV69 -> 0 | AX69: =G69-AW69 -> 0 | BA69: =SUM(I69:O69) -> 0 | BB69: =SUM(Q69:V69) -> 0 | BC69: =SUM(X69:AD69) -> 0 | BD69: =SUM(AE69:AJ69) -> 0
A70: 5.1.7(i)c | B70: Concrete Class30, for retaining walls at bridge and for underpass/overpass etc(Provisional) | C70: Cum | D70: 55.69 | F70: =E70*D70 -> 0 | H70: =G70*D70 -> 0 | AW70: =AR70+AT70+AV70 -> 0 | AX70: =G70-AW70 -> 0 | BA70: =SUM(I70:O70) -> 0 | BB70: =SUM(Q70:V70) -> 0 | BC70: =SUM(X70:AD70) -> 0 | BD70: =SUM(AE70:AJ70) -> 0
A71: 5.1.7(i)d | B71: Concrete (class30), for Bridge foundation and Underpass/overpass, abutments, pier heads, return walls, approach slab, sump pits, columns etc.. | C71: Cum | D71: 52.33 | F71: =E71*D71 -> 0 | H71: =G71*D71 -> 0 | AW71: =AR71+AT71+AV71 -> 0 | AX71: =G71-AW71 -> 0 | BA71: =SUM(I71:O71) -> 0 | BB71: =SUM(Q71:V71) -> 0 | BC71: =SUM(X71:AD71) -> 0 | BD71: =SUM(AE71:AJ71) -> 0
A72: 5.1.7(i)e | B72: Concrete (class35),for Bridge deck slab, cross heads, plinths, diaphragm beam, walkways, stair case steps and ramps, roof beams etc. | C72: Cum | D72: 63.48 | F72: =E72*D72 -> 0 | H72: =G72*D72 -> 0 | AW72: =AR72+AT72+AV72 -> 0 | AX72: =G72-AW72 -> 0 | BA72: =SUM(I72:O72) -> 0 | BB72: =SUM(Q72:V72) -> 0 | BC72: =SUM(X72:AD72) -> 0 | BD72: =SUM(AE72:AJ72) -> 0
... A94: 8.3.6(i)a | B94: Manhole chamber 1000mm x 1000mm internal size and depth up to 1200mm in concrete class 30 at roundabout including DI cover. | C94: Nr | D94: 628.54 | F94: =E94*D94 -> 0 | H94: =G94*D94 -> 0 | AW94: =AR94+AT94+AV94 -> 0 | AX94: =G94-AW94 -> 0 | BA94: =SUM(I94:O94) -> 0 | BB94: =SUM(Q94:V94) -> 0 | BC94: =SUM(X94:AD94) -> 0 | BD94: =SUM(AE94:AJ94) -> 0
B95: Manhole chamber 700mm x 700mm internal size and depth minimum 1200mm, in concrete class 30 at median including DI cover and gratings. Casting | C95: Nr | D95: 156.51 | F95: =E95*D95 -> 0 | H95: =G95*D95 -> 0 | AW95: =AR95+AT95+AV95 -> 0 | AX95: =G95-AW95 -> 0 | BA95: =SUM(I95:O95) -> 0 | BB95: =SUM(Q95:V95) -> 0 | BC95: =SUM(X95:AD95) -> 0 | BD95: =SUM(AE95:AJ95) -> 0
A96: 8.3.6(i)b | B96: Manhole chamber 700mm x 700mm internal size and depth minimum 1200mm, in concrete class 30 at median including DI cover and gratings. Errection | C96: Nr | D96: 104.34 | F96: =E96*D96 -> 0 | H96: =G96*D96 -> 0 | AW96: =AR96+AT96+AV96 -> 0 | AX96: =G96-AW96 -> 0 | BA96: =SUM(I96:O96) -> 0 | BB96: =SUM(Q96:V96) -> 0 | BC96: =SUM(X96:AD96) -> 0 | BD96: =SUM(AE96:AJ96) -> 0
A97: 8.3.6(i)c-1 | B97: Manhole chamber 600mm x 600mm internal size and depth minimum 1200mm, in concrete class 30 at median including DI cover and gratings. Casting | C97: Nr | D97: 140.352 | F97: =E97*D97 -> 0 | H97: =G97*D97 -> 0 | AW97: =AR97+AT97+AV97 -> 0 | AX97: =G97-AW97 -> 0 | BA97: =SUM(I97:O97) -> 0 | BB97: =SUM(Q97:V97) -> 0 | BC97: =SUM(X97:AD97) -> 0 | BD97: =SUM(AE97:AJ97) -> 0
A98: 8.3.6(i)c | B98: Manhole chamber 600mm x 600mm internal size and depth minimum 1200mm, in concrete class 30 at median including DI cover and gratings. Errection | C98: Nr | D98: 93.568 | F98: =E98*D98 -> 0 | H98: =G98*D98 -> 0 | AW98: =AR98+AT98+AV98 -> 0 | AX98: =G98-AW98 -> 0 | BA98: =SUM(I98:O98) -> 0 | BB98: =SUM(Q98:V98) -> 0 | BC98: =SUM(X98:AD98) -> 0 | BD98: =SUM(AE98:AJ98) -> 0
A99: 8.3.6(ii)a | B99: Drain out let chamber 450 mm x 450 mm in-place to bridge deck include heavy duty steel grating assembly as detailed in the drawings. | C99: Nr | D99: 227.24 | F99: =E99*D99 -> 0 | H99: =G99*D99 -> 0 | AW99: =AR99+AT99+AV99 -> 0 | AX99: =G99-AW99 -> 0 | BA99: =SUM(I99:O99) -> 0 | BB99: =SUM(Q99:V99) -> 0 | BC99: =SUM(X99:AD99) -> 0 | BD99: =SUM(AE99:AJ99) -> 0
A100: 8.3.6(ii)b | B100: Sump pit chamber 800mm x 800mm x 800mm internal size in concrete class 30 at underpass including D.I gratings. | C100: lin.m. | D100: 258.68 | F100: =E100*D100 -> 0 | H100: =G100*D100 -> 0 | AW100: =AR100+AT100+AV100 -> 0 | AX100: =G100-AW100 -> 0 | BA100: =SUM(I100:O100) -> 0 | BB100: =SUM(Q100:V100) -> 0 | BC100: =SUM(X100:AD100) -> 0 | BD100: =SUM(AE100:AJ100) -> 0
A101: 8.4.6(ii)a | B101: 75mm dia UPVC drainage pipes through abutment curtain wall | C101: lin.m. | D101: 4.87 | F101: =E101*D101 -> 0 | H101: =G101*D101 -> 0 | AW101: =AR101+AT101+AV101 -> 0 | AX101: =G101-AW101 -> 0 | BA101: =SUM(I101:O101) -> 0 | BB101: =SUM(Q101:V101) -> 0 | BC101: =SUM(X101:AD101) -> 0 | BD101: =SUM(AE101:AJ101) -> 0
A102: 8.4.6(ii)b | B102: 110mm dia UPVC drainage pipes through internal diaphragms | C102: lin.m. | D102: 8.07 | F102: =E102*D102 -> 0 | H102: =G102*D102 -> 0 | AW102: =AR102+AT102+AV102 -> 0 | AX102: =G102-AW102 -> 0 | BA102: =SUM(I102:O102) -> 0 | BB102: =SUM(Q102:V102) -> 0 | BC102: =SUM(X102:AD102) -> 0 | BD102: =SUM(AE102:AJ102) -> 0
A103: 8.4.6(ii)c | B103: 150mm dia UPVC drainage pipes for drainage from underpass sump pits. | C103: lin.m. | D103: 9.24 | F103: =E103*D103 -> 0 | H103: =G103*D103 -> 0 | AW103: =AR103+AT103+AV103 -> 0 | AX103: =G103-AW103 -> 0 | BA103: =SUM(I103:O103) -> 0 | BB103: =SUM(Q103:V103) -> 0 | BC103: =SUM(X103:AD103) -> 0 | BD103: =SUM(AE103:AJ103) -> 0
A104: 8.4.6(ii)d | B104: 50mm dia non-metallic weep holes through abutment | C104: lin.m. | D104: 33.19 | F104: =E104*D104 -> 0 | H104: =G104*D104 -> 0 | AW104: =AR104+AT104+AV104 -> 0 | AX104: =G104-AW104 -> 0 | BA104: =SUM(I104:O104) -> 0 | BB104: =SUM(Q104:V104) -> 0 | BC104: =SUM(X104:AD104) -> 0 | BD104: =SUM(AE104:AJ104) -> 0
A105: 8.4.6(ii)e | B105: 3000mm x 600mm x 600mm drainage pit with selected stone filled and rapped in 700g/m2 geotextile membrane including all excavation, backfilling all as per drawing and as approved by the Engineer for underpass drainage. | C105: Nr | D105: 33.41 | F105: =E105*D105 -> 0 | H105: =G105*D105 -> 0 | AW105: =AR105+AT105+AV105 -> 0 | AX105: =G105-AW105 -> 0 | BA105: =SUM(I105:O105) -> 0 | BB105: =SUM(Q105:V105) -> 0 | BC105: =SUM(X105:AD105) -> 0 | BD105: =SUM(AE105:AJ105) -> 0
A106: 10.1.6(i) | B106: Setting up at each pile 900mm & 1000mm diameter -pile location | C106: nr. | D106: 42.04 | F106: =E106*D106 -> 0 | H106: =G106*D106 -> 0 | AW106: =AR106+AT106+AV106 -> 0 | AX106: =G106-AW106 -> 0 | BA106: =SUM(I106:O106) -> 0 | BB106: =SUM(Q106:V106) -> 0 | BC106: =SUM(X106:AD106) -> 0 | BD106: =SUM(AE106:AJ106) -> 0
A107: 10.1.6(ii) | B107: Piling , 1000 mm diameter for Pier Foundation up to 15 m | C107: lin.m. | D107: 201.78 | F107: =E107*D107 -> 0 | H107: =G107*D107 -> 0 | AW107: =AR107+AT107+AV107 -> 0 | AX107: =G107-AW107 -> 0 | BA107: =SUM(I107:O107) -> 0 | BB107: =SUM(Q107:V107) -> 0 | BC107: =SUM(X107:AD107) -> 0 | BD107: =SUM(AE107:AJ107) -> 0
... A157: 14.1.7(v)a | B157: Sign post support assembly, including foundation( Single) Casting 35% | C157: nr. | D157: 40.006 | F157: =E157*D157 -> 0 | H157: =G157*D157 -> 0 | AW157: =AR157+AT157+AV157 -> 0 | AX157: =G157-AW157 -> 0 | BA157: =SUM(I157:O157) -> 0 | BB157: =SUM(Q157:V157) -> 0 | BC157: =SUM(X157:AD157) -> 0 | BD157: =SUM(AE157:AJ157) -> 0
B158: Sign post support assembly, including foundation( Single) Errecation 65% | C158: nr | D158: 72.464 | F158: =E158*D158 -> 0 | H158: =G158*D158 -> 0 | AW158: =AR158+AT158+AV158 -> 0 | AX158: =G158-AW158 -> 0 | BA158: =SUM(I158:O158) -> 0 | BB158: =SUM(Q158:V158) -> 0 | BC158: =SUM(X158:AD158) -> 0 | BD158: =SUM(AE158:AJ158) -> 0
A159: 14.1.7(v)b | B159: Sign post support assembly, including foundations( Double) | C159: nr. | D159: 244.64 | F159: =E159*D159 -> 0 | H159: =G159*D159 -> 0 | AW159: =AR159+AT159+AV159 -> 0 | AX159: =G159-AW159 -> 0 | BA159: =SUM(I159:O159) -> 0 | BB159: =SUM(Q159:V159) -> 0 | BC159: =SUM(X159:AD159) -> 0 | BD159: =SUM(AE159:AJ159) -> 0
A160: 14.1.7(v)c | B160: Sign post support assembly, including foundations( four post 150mm dia ) | C160: nr. | D160: 1240.96 | F160: =E160*D160 -> 0 | H160: =G160*D160 -> 0 | AW160: =AR160+AT160+AV160 -> 0 | AX160: =G160-AW160 -> 0 | BA160: =SUM(I160:O160) -> 0 | BB160: =SUM(Q160:V160) -> 0 | BC160: =SUM(X160:AD160) -> 0 | BD160: =SUM(AE160:AJ160) -> 0
A161: 14.1.7(viii)a | B161: Removable type 75mm dia G.I Bollards 1200mm high painted red and white at median opening including foundation concrete, locking arrangements with S.S. Chain etc complete as per details. | C161: nr. | D161: 46.84 | F161: =E161*D161 -> 0 | H161: =G161*D161 -> 0 | AW161: =AR161+AT161+AV161 -> 0 | AX161: =G161-AW161 -> 0 | BA161: =SUM(I161:O161) -> 0 | BB161: =SUM(Q161:V161) -> 0 | BC161: =SUM(X161:AD161) -> 0 | BD161: =SUM(AE161:AJ161) -> 0
A162: 14.1.7(viii)b | B162: Removable type 225mm dia decorative G.I Bollards, 850mm high painted black at access road to Royal camp including foundation concrete, locking arrangements with S.S. Chain etc complete as per details. | C162: nr. | D162: 259.24 | F162: =E162*D162 -> 0 | H162: =G162*D162 -> 0 | AW162: =AR162+AT162+AV162 -> 0 | AX162: =G162-AW162 -> 0 | BA162: =SUM(I162:O162) -> 0 | BB162: =SUM(Q162:V162) -> 0 | BC162: =SUM(X162:AD162) -> 0 | BD162: =SUM(AE162:AJ162) -> 0
A163: 14.1.7(viii)c | B163: Debris Collecting 150mm dia G.I Bollards at culvert inlets including foundation concrete, reinforcement, painting etc complete as per details. | C163: nr. | D163: 78.1 | F163: =E163*D163 -> 0 | H163: =G163*D163 -> 0 | AW163: =AR163+AT163+AV163 -> 0 | AX163: =G163-AW163 -> 0 | BA163: =SUM(I163:O163) -> 0 | BB163: =SUM(Q163:V163) -> 0 | BC163: =SUM(X163:AD163) -> 0 | BD163: =SUM(AE163:AJ163) -> 0
A164: 14.2.6(i) | B164: Traffic lines continuous or broken for both white and yellow (mechanical applied) | C164: sq.m | D164: 2.71 | F164: =E164*D164 -> 0 | H164: =G164*D164 -> 0 | AW164: =AR164+AT164+AV164 -> 0 | AX164: =G164-AW164 -> 0 | BA164: =SUM(I164:O164) -> 0 | BB164: =SUM(Q164:V164) -> 0 | BC164: =SUM(X164:AD164) -> 0 | BD164: =SUM(AE164:AJ164) -> 0
A165: 14.2.6(iii) | B165: Special markings for cheveron,directional arrow.(hand applied) | C165: sq.m | D165: 6.5 | F165: =E165*D165 -> 0 | H165: =G165*D165 -> 0 | AW165: =AR165+AT165+AV165 -> 0 | AX165: =G165-AW165 -> 0 | BA165: =SUM(I165:O165) -> 0 | BB165: =SUM(Q165:V165) -> 0 | BC165: =SUM(X165:AD165) -> 0 | BD165: =SUM(AE165:AJ165) -> 0
A166: 14.2.6(iv) | B166: Curb painting | C166: sq.m | D166: 1.5 | F166: =E166*D166 -> 0 | H166: =G166*D166 -> 0 | AW166: =AR166+AT166+AV166 -> 0 | AX166: =G166-AW166 -> 0 | BA166: =SUM(I166:O166) -> 0 | BB166: =SUM(Q166:V166) -> 0 | BC166: =SUM(X166:AD166) -> 0 | BD166: =SUM(AE166:AJ166) -> 0
A167: 14.2.6(v) | B167: Removal of road marking | C167: sq.m | D167: 9.76 | F167: =E167*D167 -> 0 | H167: =G167*D167 -> 0 | AW167: =AR167+AT167+AV167 -> 0 | AX167: =G167-AW167 -> 0 | BA167: =SUM(I167:O167) -> 0 | BB167: =SUM(Q167:V167) -> 0 | BC167: =SUM(X167:AD167) -> 0 | BD167: =SUM(AE167:AJ167) -> 0
A168: 14.3.6(i)a | B168: Reflecting road studs (one side red) | C168: nr. | D168: 4.17 | F168: =E168*D168 -> 0 | H168: =G168*D168 -> 0 | AW168: =AR168+AT168+AV168 -> 0 | AX168: =G168-AW168 -> 0 | BA168: =SUM(I168:O168) -> 0 | BB168: =SUM(Q168:V168) -> 0 | BC168: =SUM(X168:AD168) -> 0 | BD168: =SUM(AE168:AJ168) -> 0
A169: 14.3.6(i)b | B169: Reflecting road studs (both side red) | C169: nr. | D169: 4.75 | F169: =E169*D169 -> 0 | H169: =G169*D169 -> 0 | AW169: =AR169+AT169+AV169 -> 0 | AX169: =G169-AW169 -> 0 | BA169: =SUM(I169:O169) -> 0 | BB169: =SUM(Q169:V169) -> 0 | BC169: =SUM(X169:AD169) -> 0 | BD169: =SUM(AE169:AJ169) -> 0
A170: 14.3.6(i)c | B170: Reflecting road studs at rumble strips (one side red) | C170: nr. | D170: 4.75 | F170: =E170*D170 -> 0 | H170: =G170*D170 -> 0 | AW170: =AR170+AT170+AV170 -> 0 | AX170: =G170-AW170 -> 0 | BA170: =SUM(I170:O170) -> 0 | BB170: =SUM(Q170:V170) -> 0 | BC170: =SUM(X170:AD170) -> 0 | BD170: =SUM(AE170:AJ170) -> 0
... A220: V | B220: 110 mm Dia Water Line duct | C220: lin.m | D220: 0 | F220: =E220*D220 -> 0 | H220: =G220*D220 -> 0 | AW220: =AR220+AT220+AV220 -> 0 | AX220: =G220-AW220 -> 0 | BA220: =SUM(I220:O220) -> 0 | BB220: =SUM(Q220:V220) -> 0 | BC220: =SUM(X220:AD220) -> 0 | BD220: =SUM(AE220:AJ220) -> 0
B221: INTERCHANGE | D221: 0 | F221: =E221*D221 -> 0 | H221: =G221*D221 -> 0 | AW221: =AR221+AT221+AV221 -> 0 | AX221: =G221-AW221 -> 0 | BA221: =SUM(I221:O221) -> 0 | BB221: =SUM(Q221:V221) -> 0 | BC221: =SUM(X221:AD221) -> 0 | BD221: =SUM(AE221:AJ221) -> 0
A222: 2.1.5(i)-1 | B222: Clear site of all trees less than 300mm | C222: Sq.m | D222: 0.27 | F222: =E222*D222 -> 0 | H222: =G222*D222 -> 0 | AW222: =AR222+AT222+AV222 -> 0 | AX222: =G222-AW222 -> 0 | BA222: =SUM(I222:O222) -> 0 | BB222: =SUM(Q222:V222) -> 0 | BC222: =SUM(X222:AD222) -> 0 | BD222: =SUM(AE222:AJ222) -> 0
A223: 2.2.5(ii)-1 | B223: Removal of existing reinforced concrete. | C223: cu.m | D223: 23.82 | F223: =E223*D223 -> 0 | H223: =G223*D223 -> 0 | AW223: =AR223+AT223+AV223 -> 0 | AX223: =G223-AW223 -> 0 | BA223: =SUM(I223:O223) -> 0 | BB223: =SUM(Q223:V223) -> 0 | BC223: =SUM(X223:AD223) -> 0 | BD223: =SUM(AE223:AJ223) -> 0
A224: 2.2.5(viii)-1 | B224: Removal of existing asphalt pavement. | C224: cu.m | D224: 2.94 | F224: =E224*D224 -> 0 | H224: =G224*D224 -> 0 | AW224: =AR224+AT224+AV224 -> 0 | AX224: =G224-AW224 -> 0 | BA224: =SUM(I224:O224) -> 0 | BB224: =SUM(Q224:V224) -> 0 | BC224: =SUM(X224:AD224) -> 0 | BD224: =SUM(AE224:AJ224) -> 0
A225: 2.3.6(i)-1 | B225: Unclassified excavation | C225: Cum | D225: 1.35 | F225: =E225*D225 -> 0 | H225: =G225*D225 -> 0 | AW225: =AR225+AT225+AV225 -> 0 | AX225: =G225-AW225 -> 0 | BA225: =SUM(I225:O225) -> 0 | BB225: =SUM(Q225:V225) -> 0 | BC225: =SUM(X225:AD225) -> 0 | BD225: =SUM(AE225:AJ225) -> 0
A226: 2.4.6(i)a1-1 | B226: Borrow excavation to embankment-Extraction and screening | C226: Cum | D226: 0 | F226: =E226*D226 -> 0 | H226: =G226*D226 -> 0 | AW226: =AR226+AT226+AV226 -> 0 | AX226: =G226-AW226 -> 0 | BA226: =SUM(I226:O226) -> 0 | BB226: =SUM(Q226:V226) -> 0 | BC226: =SUM(X226:AD226) -> 0 | BD226: =SUM(AE226:AJ226) -> 0
A227: 2.4.6(i)a2-1 | B227: Borrow excavation to Embankment-Hauling and compaction | C227: Cum | D227: 2.21 | F227: =E227*D227 -> 0 | H227: =G227*D227 -> 0 | AW227: =AR227+AT227+AV227 -> 0 | AX227: =G227-AW227 -> 0 | BA227: =SUM(I227:O227) -> 0 | BB227: =SUM(Q227:V227) -> 0 | BC227: =SUM(X227:AD227) -> 0 | BD227: =SUM(AE227:AJ227) -> 0
A228: 2.6.6(i)-1 | B228: Subgrade preparation in cut | C228: Sqm | D228: 0.9 | F228: =E228*D228 -> 0 | H228: =G228*D228 -> 0 | AW228: =AR228+AT228+AV228 -> 0 | AX228: =G228-AW228 -> 0 | BA228: =SUM(I228:O228) -> 0 | BB228: =SUM(Q228:V228) -> 0 | BC228: =SUM(X228:AD228) -> 0 | BD228: =SUM(AE228:AJ228) -> 0
A229: 2.7.6(i)-1 | B229: Unclassified structural excavation (depth 0m to 2.0m) (Excavation) | C229: Cum | D229: 2.135 | F229: =E229*D229 -> 0 | H229: =G229*D229 -> 0 | AW229: =AR229+AT229+AV229 -> 0 | AX229: =G229-AW229 -> 0 | BA229: =SUM(I229:O229) -> 0 | BB229: =SUM(Q229:V229) -> 0 | BC229: =SUM(X229:AD229) -> 0 | BD229: =SUM(AE229:AJ229) -> 0
B230: Unclassified structural excavation (depth 0m to 2.0m) Back filling | C230: Cum | D230: 2.135 | F230: =E230*D230 -> 0 | H230: =G230*D230 -> 0 | AW230: =AR230+AT230+AV230 -> 0 | AX230: =G230-AW230 -> 0 | BA230: =SUM(I230:O230) -> 0 | BB230: =SUM(Q230:V230) -> 0 | BC230: =SUM(X230:AD230) -> 0 | BD230: =SUM(AE230:AJ230) -> 0
A231: 2.7.6(ii)-1 | B231: Unclassified structural excavation (depth >2.0m to <4.0m) | C231: Cum | D231: 5.66 | F231: =E231*D231 -> 0 | H231: =G231*D231 -> 0 | AW231: =AR231+AT231+AV231 -> 0 | AX231: =G231-AW231 -> 0 | BA231: =SUM(I231:O231) -> 0 | BB231: =SUM(Q231:V231) -> 0 | BC231: =SUM(X231:AD231) -> 0 | BD231: =SUM(AE231:AJ231) -> 0
A232: 2.7.6(iii)-1 | B232: Unclassified structural excavation (depth ≥ 4.0m) | C232: Cum | D232: 8.21 | F232: =E232*D232 -> 0 | H232: =G232*D232 -> 0 | AW232: =AR232+AT232+AV232 -> 0 | AX232: =G232-AW232 -> 0 | BA232: =SUM(I232:O232) -> 0 | BB232: =SUM(Q232:V232) -> 0 | BC232: =SUM(X232:AD232) -> 0 | BD232: =SUM(AE232:AJ232) -> 0
...
