Workbook

Sheet Sheet1
A3: Row Labels | B3: Sum of Quantity (m3)
A5: Apr 26 | B5: 1615.1
A6: Dec 25 | B6: 1485.25
A7: Feb 26 | B7: 1870.25
A8: Jan 26 | B8: 2173.75
A9: Mar 26 | B9: 1013.5
A10: (blank)
A11: Grand Total | B11: 8157.85

Sheet Lima
B3: Sl. No. | C3: Date | D3: Location / Chainage | E3: Structure | F3: Element | G3: Grade | H3: Quantity (m3) | I3: Slump | J3: Temperature | K3: Plant | L3: Section | M3: Month
B4: 1 | C4: 45992 | D4: 47147 | E4: Box Culvert | F4: Wall & Top slab | G4: C35 | H4: 124 | I4: 12 | J4: 12 | K4: SCC KM47 | L4: =IF(Lima!$D4="Precast",#REF!,IF(Lima!$D4="","",IF(Lima!$D4<20000,"Khasab",IF(Lima!$D4<50000, "Lima",IF(Lima!$D4<72000,"Daba"))))) -> Lima | M4: =IF(Lima!$C4="","",TEXT(Lima!$C4,"mmm yy")) -> Dec 25 | N4: Unit-03
B5: =+B4+1 -> 2 | C5: 45993 | D5: 29035.572 | E5: Retaining Wall | F5: RW Wall (Segment-32 & 34) | G5: C30 | H5: 60 | I5: 6 | J5: 6 | K5: SCC Lima | L5: =IF(Lima!$D5="Precast",#REF!,IF(Lima!$D5="","",IF(Lima!$D5<20000,"Khasab",IF(Lima!$D5<50000, "Lima",IF(Lima!$D5<72000,"Daba"))))) -> Lima | M5: =IF(Lima!$C5="","",TEXT(Lima!$C5,"mmm yy")) -> Dec 25
B6: =+B5+1 -> 3 | C6: 45993 | D6: 35913 | E6: Box Culvert | F6: Blinding (Apron Slab) | G6: C15 | H6: 12.5 | I6: 2 | J6: 2 | K6: SCC Lima | L6: =IF(Lima!$D6="Precast",#REF!,IF(Lima!$D6="","",IF(Lima!$D6<20000,"Khasab",IF(Lima!$D6<50000, "Lima",IF(Lima!$D6<72000,"Daba"))))) -> Lima | M6: =IF(Lima!$C6="","",TEXT(Lima!$C6,"mmm yy")) -> Dec 25 | N6: outlet side
B7: =+B6+1 -> 4 | C7: 45993 | D7: 38936 | E7: Box Culvert | F7: Blinding (Apron Slab) | G7: C15 | H7: - | I7: - | J7: - | K7: SCC Lima | L7: =IF(Lima!$D7="Precast",#REF!,IF(Lima!$D7="","",IF(Lima!$D7<20000,"Khasab",IF(Lima!$D7<50000, "Lima",IF(Lima!$D7<72000,"Daba"))))) -> Lima | M7: =IF(Lima!$C7="","",TEXT(Lima!$C7,"mmm yy")) -> Dec 25 | N7: inlet & outlet side
B8: =+B7+1 -> 5 | C8: 45993 | D8: 46421 | E8: Box Culvert | F8: Apron Slab | G8: C35 | H8: 44.5 | I8: 5 | J8: 5 | K8: SCC Lima | L8: =IF(Lima!$D8="Precast",#REF!,IF(Lima!$D8="","",IF(Lima!$D8<20000,"Khasab",IF(Lima!$D8<50000, "Lima",IF(Lima!$D8<72000,"Daba"))))) -> Lima | M8: =IF(Lima!$C8="","",TEXT(Lima!$C8,"mmm yy")) -> Dec 25 | N8: inlet side
B9: =+B8+1 -> 6 | C9: 45994 | D9: 47786 | E9: Box Culvert | F9: Wall,Top slab & Headwall | G9: C35 | H9: 121 | I9: 12 | J9: 12 | K9: SCC KM47 | L9: =IF(Lima!$D9="Precast",#REF!,IF(Lima!$D9="","",IF(Lima!$D9<20000,"Khasab",IF(Lima!$D9<50000, "Lima",IF(Lima!$D9<72000,"Daba"))))) -> Lima | M9: =IF(Lima!$C9="","",TEXT(Lima!$C9,"mmm yy")) -> Dec 25 | N9: Unit-01
B10: =+B9+1 -> 7 | C10: 45994 | D10: 47786 | E10: Box Culvert | F10: wingwall | G10: C35 | H10: - | I10: - | J10: - | K10: SCC KM47 | L10: =IF(Lima!$D10="Precast",#REF!,IF(Lima!$D10="","",IF(Lima!$D10<20000,"Khasab",IF(Lima!$D10<50000, "Lima",IF(Lima!$D10<72000,"Daba"))))) -> Lima | M10: =IF(Lima!$C10="","",TEXT(Lima!$C10,"mmm yy")) -> Dec 25 | N10: outlet side
B11: =+B10+1 -> 8 | C11: 45997 | D11: 35913 | E11: Box Culvert | F11: Apron Slab | G11: C35 | H11: 26 | I11: 3 | J11: 3 | K11: SCC Lima | L11: =IF(Lima!$D11="Precast",#REF!,IF(Lima!$D11="","",IF(Lima!$D11<20000,"Khasab",IF(Lima!$D11<50000, "Lima",IF(Lima!$D11<72000,"Daba"))))) -> Lima | M11: =IF(Lima!$C11="","",TEXT(Lima!$C11,"mmm yy")) -> Dec 25 | N11: outlet side
B12: =+B11+1 -> 9 | C12: 45997 | D12: 36103 | E12: Box Culvert | F12: Apron Slab | G12: C35 | H12: - | I12: - | J12: - | K12: SCC Lima | L12: =IF(Lima!$D12="Precast",#REF!,IF(Lima!$D12="","",IF(Lima!$D12<20000,"Khasab",IF(Lima!$D12<50000, "Lima",IF(Lima!$D12<72000,"Daba"))))) -> Lima | M12: =IF(Lima!$C12="","",TEXT(Lima!$C12,"mmm yy")) -> Dec 25 | N12: inlet side
B13: =+B12+1 -> 10 | C13: 45997 | D13: 44590 | E13: Box Culvert | F13: Wall,Top slab & Headwall | G13: C35 | H13: 26.75 | I13: 3 | J13: 3 | K13: SCC Lima | L13: =IF(Lima!$D13="Precast",#REF!,IF(Lima!$D13="","",IF(Lima!$D13<20000,"Khasab",IF(Lima!$D13<50000, "Lima",IF(Lima!$D13<72000,"Daba"))))) -> Lima | M13: =IF(Lima!$C13="","",TEXT(Lima!$C13,"mmm yy")) -> Dec 25
B14: =+B13+1 -> 11 | C14: 45997 | D14: 48853 | E14: Box Culvert | F14: Blinding (Apron Slab) | G14: C15 | H14: 18 | I14: 2 | J14: 2 | K14: SCC KM47 | L14: =IF(Lima!$D14="Precast",#REF!,IF(Lima!$D14="","",IF(Lima!$D14<20000,"Khasab",IF(Lima!$D14<50000, "Lima",IF(Lima!$D14<72000,"Daba"))))) -> Lima | M14: =IF(Lima!$C14="","",TEXT(Lima!$C14,"mmm yy")) -> Dec 25 | N14: outlet side
B15: =+B14+1 -> 12 | C15: 45997 | D15: 47147 | E15: Box Culvert | F15: Base Slab | G15: C35 | H15: 110.5 | I15: 11 | J15: 11 | K15: SCC KM47 | L15: =IF(Lima!$D15="Precast",#REF!,IF(Lima!$D15="","",IF(Lima!$D15<20000,"Khasab",IF(Lima!$D15<50000, "Lima",IF(Lima!$D15<72000,"Daba"))))) -> Lima | M15: =IF(Lima!$C15="","",TEXT(Lima!$C15,"mmm yy")) -> Dec 25 | N15: unit-04
B16: =+B15+1 -> 13 | C16: 45998 | D16: 28980 | E16: Retaining Wall | F16: RW Wall (Segment-27 & 29) | G16: C30 | H16: 62 | I16: 6 | J16: 6 | K16: SCC Lima | L16: =IF(Lima!$D16="Precast",#REF!,IF(Lima!$D16="","",IF(Lima!$D16<20000,"Khasab",IF(Lima!$D16<50000, "Lima",IF(Lima!$D16<72000,"Daba"))))) -> Lima | M16: =IF(Lima!$C16="","",TEXT(Lima!$C16,"mmm yy")) -> Dec 25
B17: =+B16+1 -> 14 | C17: 45999 | D17: 36103 | E17: Box Culvert | F17: Wingwall | G17: C35 | H17: 7 | I17: 1 | J17: 1 | K17: SCC Lima | L17: =IF(Lima!$D17="Precast",#REF!,IF(Lima!$D17="","",IF(Lima!$D17<20000,"Khasab",IF(Lima!$D17<50000, "Lima",IF(Lima!$D17<72000,"Daba"))))) -> Lima | M17: =IF(Lima!$C17="","",TEXT(Lima!$C17,"mmm yy")) -> Dec 25 | N17: inlet side
B18: =+B17+1 -> 15 | C18: 45999 | D18: 35913 | E18: Box Culvert | F18: Wingwall | G18: C35 | H18: - | I18: - | J18: - | K18: SCC Lima | L18: =IF(Lima!$D18="Precast",#REF!,IF(Lima!$D18="","",IF(Lima!$D18<20000,"Khasab",IF(Lima!$D18<50000, "Lima",IF(Lima!$D18<72000,"Daba"))))) -> Lima | M18: =IF(Lima!$C18="","",TEXT(Lima!$C18,"mmm yy")) -> Dec 25 | N18: outlet side
B19: =+B18+1 -> 16 | C19: 45999 | D19: 36103 | E19: Box Culvert | F19: Blinding (Apron Slab) | G19: C15 | H19: 5 | I19: 1 | J19: 1 | K19: SCC Lima | L19: =IF(Lima!$D19="Precast",#REF!,IF(Lima!$D19="","",IF(Lima!$D19<20000,"Khasab",IF(Lima!$D19<50000, "Lima",IF(Lima!$D19<72000,"Daba"))))) -> Lima | M19: =IF(Lima!$C19="","",TEXT(Lima!$C19,"mmm yy")) -> Dec 25 | N19: outlet side
B20: =+B19+1 -> 17 | C20: 45999 | D20: 22100 | E20: Utility Duct | F20: Concrete Encasement (Future Duct) | G20: C25 | H20: 10 | I20: 1 | J20: 1 | K20: SCC Lima | L20: =IF(Lima!$D20="Precast",#REF!,IF(Lima!$D20="","",IF(Lima!$D20<20000,"Khasab",IF(Lima!$D20<50000, "Lima",IF(Lima!$D20<72000,"Daba"))))) -> Lima | M20: =IF(Lima!$C20="","",TEXT(Lima!$C20,"mmm yy")) -> Dec 25
B21: =+B20+1 -> 18 | C21: 45999 | D21: 21800 | E21: Utility Duct | F21: Concrete Encasement (Future Duct) | G21: C25 | H21: - | I21: - | J21: - | K21: SCC Lima | L21: =IF(Lima!$D21="Precast",#REF!,IF(Lima!$D21="","",IF(Lima!$D21<20000,"Khasab",IF(Lima!$D21<50000, "Lima",IF(Lima!$D21<72000,"Daba"))))) -> Lima | M21: =IF(Lima!$C21="","",TEXT(Lima!$C21,"mmm yy")) -> Dec 25
B22: =+B21+1 -> 19 | C22: 45999 | D22: 21110 | E22: OBB Duct | F22: Concrete Encasement (OBB Road Cross) | G22: C25 | H22: 10 | I22: 1 | J22: 1 | K22: SCC Lima | L22: =IF(Lima!$D22="Precast",#REF!,IF(Lima!$D22="","",IF(Lima!$D22<20000,"Khasab",IF(Lima!$D22<50000, "Lima",IF(Lima!$D22<72000,"Daba"))))) -> Lima | M22: =IF(Lima!$C22="","",TEXT(Lima!$C22,"mmm yy")) -> Dec 25
B23: =+B22+1 -> 20 | C23: 45999 | D23: 22110 | E23: OBB Duct | F23: Concrete Encasement (OBB Road Cross) | G23: C25 | H23: - | I23: - | J23: - | K23: SCC Lima | L23: =IF(Lima!$D23="Precast",#REF!,IF(Lima!$D23="","",IF(Lima!$D23<20000,"Khasab",IF(Lima!$D23<50000, "Lima",IF(Lima!$D23<72000,"Daba"))))) -> Lima | M23: =IF(Lima!$C23="","",TEXT(Lima!$C23,"mmm yy")) -> Dec 25
B24: =+B23+1 -> 21 | C24: 45999 | D24: 47786 | E24: Box Culvert | F24: Apron Slab | G24: C35 | H24: 37 | I24: 5 | J24: 5 | K24: SCC KM47 | L24: =IF(Lima!$D24="Precast",#REF!,IF(Lima!$D24="","",IF(Lima!$D24<20000,"Khasab",IF(Lima!$D24<50000, "Lima",IF(Lima!$D24<72000,"Daba"))))) -> Lima | M24: =IF(Lima!$C24="","",TEXT(Lima!$C24,"mmm yy")) -> Dec 25 | N24: inlet side
B25: =+B24+1 -> 22 | C25: 46000 | D25: 44590 | E25: Box Culvert | F25: Apron Slab | G25: C35 | H25: 7 | I25: 1 | J25: 1 | K25: SCC Lima | L25: =IF(Lima!$D25="Precast",#REF!,IF(Lima!$D25="","",IF(Lima!$D25<20000,"Khasab",IF(Lima!$D25<50000, "Lima",IF(Lima!$D25<72000,"Daba"))))) -> Lima | M25: =IF(Lima!$C25="","",TEXT(Lima!$C25,"mmm yy")) -> Dec 25 | N25: inlet side
B26: =+B25+1 -> 23 | C26: 46000 | D26: 48853 | E26: Box Culvert | F26: Apron Slab | G26: C35 | H26: 39 | I26: 5 | J26: 5 | L26: =IF(Lima!$D26="Precast",#REF!,IF(Lima!$D26="","",IF(Lima!$D26<20000,"Khasab",IF(Lima!$D26<50000, "Lima",IF(Lima!$D26<72000,"Daba"))))) -> Lima | M26: =IF(Lima!$C26="","",TEXT(Lima!$C26,"mmm yy")) -> Dec 25 | N26: outlet side
B27: =+B26+1 -> 24 | C27: 46001 | D27: 38452 | E27: Box Culvert | F27: Blinding | G27: C15 | H27: 13 | I27: 2 | J27: 2 | K27: SCC Lima | L27: =IF(Lima!$D27="Precast",#REF!,IF(Lima!$D27="","",IF(Lima!$D27<20000,"Khasab",IF(Lima!$D27<50000, "Lima",IF(Lima!$D27<72000,"Daba"))))) -> Lima | M27: =IF(Lima!$C27="","",TEXT(Lima!$C27,"mmm yy")) -> Dec 25
B28: =+B27+1 -> 25 | C28: 46001 | D28: 36103 | E28: Box Culvert | F28: Apron Slab | G28: C35 | H28: 13 | I28: 2 | J28: 2 | K28: SCC Lima | L28: =IF(Lima!$D28="Precast",#REF!,IF(Lima!$D28="","",IF(Lima!$D28<20000,"Khasab",IF(Lima!$D28<50000, "Lima",IF(Lima!$D28<72000,"Daba"))))) -> Lima | M28: =IF(Lima!$C28="","",TEXT(Lima!$C28,"mmm yy")) -> Dec 25 | N28: outlet side
B29: =+B28+1 -> 26 | C29: 46001 | D29: 28300 | E29: Box Culvert | F29: Concrete Encasement (Existing Electric Cable) | G29: C25 | H29: 20 | I29: 2 | J29: 2 | K29: SCC Lima | L29: =IF(Lima!$D29="Precast",#REF!,IF(Lima!$D29="","",IF(Lima!$D29<20000,"Khasab",IF(Lima!$D29<50000, "Lima",IF(Lima!$D29<72000,"Daba"))))) -> Lima | M29: =IF(Lima!$C29="","",TEXT(Lima!$C29,"mmm yy")) -> Dec 25
B30: =+B29+1 -> 27 | C30: 46002 | D30: 44590 | E30: Box Culvert | F30: Wingwall | G30: C35 | H30: 7 | I30: 1 | J30: 1 | K30: SCC Lima | L30: =IF(Lima!$D30="Precast",#REF!,IF(Lima!$D30="","",IF(Lima!$D30<20000,"Khasab",IF(Lima!$D30<50000, "Lima",IF(Lima!$D30<72000,"Daba"))))) -> Lima | M30: =IF(Lima!$C30="","",TEXT(Lima!$C30,"mmm yy")) -> Dec 25 | N30: inlet side
B31: =+B30+1 -> 28 | C31: 46002 | D31: 44590 | E31: Box Culvert | F31: Blinding (Apron Slab) | G31: C35 | H31: - | I31: - | J31: - | K31: SCC Lima | L31: =IF(Lima!$D31="Precast",#REF!,IF(Lima!$D31="","",IF(Lima!$D31<20000,"Khasab",IF(Lima!$D31<50000, "Lima",IF(Lima!$D31<72000,"Daba"))))) -> Lima | M31: =IF(Lima!$C31="","",TEXT(Lima!$C31,"mmm yy")) -> Dec 25 | N31: outlet side
B32: =+B31+1 -> 29 | C32: 46002 | D32: 21700 | E32: Box Culvert | F32: Wall,Top slab & Headwall | G32: C35 | H32: 255 | I32: 24 | J32: 24 | K32: SCC Lima | L32: =IF(Lima!$D32="Precast",L4,IF(Lima!$D32="","",IF(Lima!$D32<20000,"Khasab",IF(Lima!$D32<50000, "Lima",IF(Lima!$D32<72000,"Daba"))))) -> Lima | M32: =IF(Lima!$C32="","",TEXT(Lima!$C32,"mmm yy")) -> Dec 25 | N32: Unit-01
B33: =+B32+1 -> 30 | C33: 46002 | D33: 47786 | E33: Box Culvert | F33: Wall,Top slab & Headwall | G33: C35 | H33: 115 | I33: 10 | J33: 10 | K33: SCC KM47 | L33: =IF(Lima!$D33="Precast",L5,IF(Lima!$D33="","",IF(Lima!$D33<20000,"Khasab",IF(Lima!$D33<50000, "Lima",IF(Lima!$D33<72000,"Daba"))))) -> Lima | M33: =IF(Lima!$C33="","",TEXT(Lima!$C33,"mmm yy")) -> Dec 25 | N33: unit-02
B34: =+B33+1 -> 31 | C34: 46004 | D34: 36103 | E34: Box Culvert | F34: Wingwall | G34: C35 | H34: 4 | I34: 1 | J34: 1 | K34: SCC Lima | L34: =IF(Lima!$D34="Precast",L6,IF(Lima!$D34="","",IF(Lima!$D34<20000,"Khasab",IF(Lima!$D34<50000, "Lima",IF(Lima!$D34<72000,"Daba"))))) -> Lima | M34: =IF(Lima!$C34="","",TEXT(Lima!$C34,"mmm yy")) -> Dec 25 | N34: outlet side
B35: =+B34+1 -> 32 | C35: 46004 | D35: 44590 | E35: Box Culvert | F35: Apron Slab | G35: C35 | H35: 13 | I35: 2 | J35: 2 | K35: SCC KM47 | L35: =IF(Lima!$D35="Precast",L7,IF(Lima!$D35="","",IF(Lima!$D35<20000,"Khasab",IF(Lima!$D35<50000, "Lima",IF(Lima!$D35<72000,"Daba"))))) -> Lima | M35: =IF(Lima!$C35="","",TEXT(Lima!$C35,"mmm yy")) -> Dec 25 | N35: outlet side
B36: =+B35+1 -> 33 | C36: 46004 | D36: 46421 | E36: Box Culvert | F36: Wingwall | G36: C35 | H36: - | I36: - | J36: - | K36: SCC KM47 | L36: =IF(Lima!$D36="Precast",L8,IF(Lima!$D36="","",IF(Lima!$D36<20000,"Khasab",IF(Lima!$D36<50000, "Lima",IF(Lima!$D36<72000,"Daba"))))) -> Lima | M36: =IF(Lima!$C36="","",TEXT(Lima!$C36,"mmm yy")) -> Dec 25 | N36: inlet side
B37: =+B36+1 -> 34 | C37: 46005 | D37: 44590 | E37: Box Culvert | F37: Wingwall | G37: C35 | H37: 13 | I37: 2 | J37: 2 | K37: SCC Lima | L37: =IF(Lima!$D37="Precast",L9,IF(Lima!$D37="","",IF(Lima!$D37<20000,"Khasab",IF(Lima!$D37<50000, "Lima",IF(Lima!$D37<72000,"Daba"))))) -> Lima | M37: =IF(Lima!$C37="","",TEXT(Lima!$C37,"mmm yy")) -> Dec 25 | N37: outlet side
B38: =+B37+1 -> 35 | C38: 46005 | D38: 48853 | E38: Box Culvert | F38: Wingwall | G38: C35 | H38: - | I38: - | J38: - | K38: SCC Lima | L38: =IF(Lima!$D38="Precast",L10,IF(Lima!$D38="","",IF(Lima!$D38<20000,"Khasab",IF(Lima!$D38<50000, "Lima",IF(Lima!$D38<72000,"Daba"))))) -> Lima | M38: =IF(Lima!$C38="","",TEXT(Lima!$C38,"mmm yy")) -> Dec 25 | N38: outlet side
B39: =+B38+1 -> 36 | C39: 46005 | D39: 47786 | E39: Box Culvert | F39: Wingwall | G39: C35 | H39: - | I39: - | J39: - | K39: SCC Lima | L39: =IF(Lima!$D39="Precast",L11,IF(Lima!$D39="","",IF(Lima!$D39<20000,"Khasab",IF(Lima!$D39<50000, "Lima",IF(Lima!$D39<72000,"Daba"))))) -> Lima | M39: =IF(Lima!$C39="","",TEXT(Lima!$C39,"mmm yy")) -> Dec 25 | N39: inlet side
B40: =+B39+1 -> 37 | C40: 46005 | D40: 47147 | E40: Box Culvert | F40: Base Slab | G40: C35 | H40: 113.5 | I40: 12 | J40: 12 | K40: SCC KM47 | L40: =IF(Lima!$D40="Precast",L12,IF(Lima!$D40="","",IF(Lima!$D40<20000,"Khasab",IF(Lima!$D40<50000, "Lima",IF(Lima!$D40<72000,"Daba"))))) -> Lima | M40: =IF(Lima!$C40="","",TEXT(Lima!$C40,"mmm yy")) -> Dec 25 | N40: Unit-05
B41: =+B40+1 -> 38 | C41: 46006 | D41: 40135 | E41: Box Culvert | F41: Blinding (Apron Slab) | G41: C15 | H41: 19 | I41: 2 | J41: 2 | K41: SCC Lima | L41: =IF(Lima!$D41="Precast",L13,IF(Lima!$D41="","",IF(Lima!$D41<20000,"Khasab",IF(Lima!$D41<50000, "Lima",IF(Lima!$D41<72000,"Daba"))))) -> Lima | M41: =IF(Lima!$C41="","",TEXT(Lima!$C41,"mmm yy")) -> Dec 25 | N41: inlet & outlet side
B42: =+B41+1 -> 39 | C42: 46006 | D42: 47147 | E42: Box Culvert | F42: Wall,Top slab & Headwall | G42: C35 | H42: 124 | I42: 14 | J42: 14 | K42: SCC KM47 | L42: =IF(Lima!$D42="Precast",L14,IF(Lima!$D42="","",IF(Lima!$D42<20000,"Khasab",IF(Lima!$D42<50000, "Lima",IF(Lima!$D42<72000,"Daba"))))) -> Lima | M42: =IF(Lima!$C42="","",TEXT(Lima!$C42,"mmm yy")) -> Dec 25 | N42: Unit-02
B43: =+B42+1 -> 40 | C43: 46020 | D43: 46421 | E43: Box Culvert | F43: Wingwall | G43: C35 | H43: 4 | I43: 1 | J43: 1 | K43: SCC KM47 | L43: =IF(Lima!$D43="Precast",L15,IF(Lima!$D43="","",IF(Lima!$D43<20000,"Khasab",IF(Lima!$D43<50000, "Lima",IF(Lima!$D43<72000,"Daba"))))) -> Lima | M43: =IF(Lima!$C43="","",TEXT(Lima!$C43,"mmm yy")) -> Dec 25 | N43: outlet side
B44: =+B43+1 -> 41 | C44: 46021 | D44: 44121 | E44: Box Culvert | F44: Blinding | G44: C15 | H44: 22.5 | I44: 3 | J44: 1 | K44: SCC Lima | L44: =IF(Lima!$D44="Precast",L16,IF(Lima!$D44="","",IF(Lima!$D44<20000,"Khasab",IF(Lima!$D44<50000, "Lima",IF(Lima!$D44<72000,"Daba"))))) -> Lima | M44: =IF(Lima!$C44="","",TEXT(Lima!$C44,"mmm yy")) -> Dec 25
B45: =+B44+1 -> 42 | C45: 46022 | D45: 29024.472 | E45: Retaining Wall | F45: RW Wall (Segment-31) | G45: C30 | H45: 29 | I45: 3 | J45: 3 | K45: SCC Lima | L45: =IF(Lima!$D45="Precast",L17,IF(Lima!$D45="","",IF(Lima!$D45<20000,"Khasab",IF(Lima!$D45<50000, "Lima",IF(Lima!$D45<72000,"Daba"))))) -> Lima | M45: =IF(Lima!$C45="","",TEXT(Lima!$C45,"mmm yy")) -> Dec 25
B46: =+B45+1 -> 43 | C46: 46025 | D46: 29046.672 | E46: Retaining Wall | F46: RW Wall (Segment-33) | G46: C30 | H46: 32 | I46: 4 | J46: 4 | K46: SCC Lima | L46: =IF(Lima!$D46="Precast",L18,IF(Lima!$D46="","",IF(Lima!$D46<20000,"Khasab",IF(Lima!$D46<50000, "Lima",IF(Lima!$D46<72000,"Daba"))))) -> Lima | M46: =IF(Lima!$C46="","",TEXT(Lima!$C46,"mmm yy")) -> Jan 26
B47: =+B46+1 -> 44 | C47: 46025 | D47: 21700 | E47: Box Culvert | F47: Wall,Top slab & Headwall | G47: C35 | H47: 196 | I47: 19 | J47: 19 | K47: SCC Lima | L47: =IF(Lima!$D47="Precast",L19,IF(Lima!$D47="","",IF(Lima!$D47<20000,"Khasab",IF(Lima!$D47<50000, "Lima",IF(Lima!$D47<72000,"Daba"))))) -> Lima | M47: =IF(Lima!$C47="","",TEXT(Lima!$C47,"mmm yy")) -> Jan 26
B48: =+B47+1 -> 45 | C48: 46026 | D48: 43275 | E48: Retaining Wall | F48: Blinding (Shear Key Bottom) | G48: C15 | H48: 6 | I48: 1 | J48: 1 | K48: SCC Lima | L48: =IF(Lima!$D48="Precast",L20,IF(Lima!$D48="","",IF(Lima!$D48<20000,"Khasab",IF(Lima!$D48<50000, "Lima",IF(Lima!$D48<72000,"Daba"))))) -> Lima | M48: =IF(Lima!$C48="","",TEXT(Lima!$C48,"mmm yy")) -> Jan 26 | N48: 43+275 to 43+292
B49: =+B48+1 -> 46 | C49: 46027 | D49: 47147 | E49: Box Culvert | F49: Base Slab | G49: C35 | H49: 114 | I49: 13 | J49: 13 | K49: SCC Lima | L49: =IF(Lima!$D49="Precast",L21,IF(Lima!$D49="","",IF(Lima!$D49<20000,"Khasab",IF(Lima!$D49<50000, "Lima",IF(Lima!$D49<72000,"Daba"))))) -> Lima | M49: =IF(Lima!$C49="","",TEXT(Lima!$C49,"mmm yy")) -> Jan 26 | N49: Unit - 06
B50: =+B49+1 -> 47 | C50: 46027 | D50: 20700 | E50: Concrete Barrier | F50: Blinding | G50: C15 | H50: 12 | I50: 2 | J50: 2 | K50: SCC Lima | L50: =IF(Lima!$D50="Precast",L22,IF(Lima!$D50="","",IF(Lima!$D50<20000,"Khasab",IF(Lima!$D50<50000, "Lima",IF(Lima!$D50<72000,"Daba"))))) -> Lima | M50: =IF(Lima!$C50="","",TEXT(Lima!$C50,"mmm yy")) -> Jan 26 | N50: 20+700 to 20+790 | O50: Cast in situ
B51: =+B50+1 -> 48 | C51: 46027 | D51: 43275 | E51: Retaining Wall | F51: Blinding concrete (Shear Key Wall) | G51: C15 | H51: 26 | I51: 3 | J51: 3 | K51: SCC Lima | L51: =IF(Lima!$D51="Precast",L23,IF(Lima!$D51="","",IF(Lima!$D51<20000,"Khasab",IF(Lima!$D51<50000, "Lima",IF(Lima!$D51<72000,"Daba"))))) -> Lima | M51: =IF(Lima!$C51="","",TEXT(Lima!$C51,"mmm yy")) -> Jan 26 | N51: 43+275 to 43+292
B52: =+B51+1 -> 49 | C52: 46028 | D52: 30190 | E52: Box Culvert | F52: Apron Slab | G52: C35 | H52: 16 | I52: 2 | J52: 2 | K52: SCC Lima | L52: =IF(Lima!$D52="Precast",L24,IF(Lima!$D52="","",IF(Lima!$D52<20000,"Khasab",IF(Lima!$D52<50000, "Lima",IF(Lima!$D52<72000,"Daba"))))) -> Lima | M52: =IF(Lima!$C52="","",TEXT(Lima!$C52,"mmm yy")) -> Jan 26 | N52: including shear key wall
B53: =+B52+1 -> 50 | C53: 46028 | D53: 29765 | E53: Retaining Wall | F53: Base Slab(Segmennt 1&3) | G53: C30 | H53: 50 | I53: 6 | J53: 6 | K53: SCC Lima | L53: =IF(Lima!$D53="Precast",L25,IF(Lima!$D53="","",IF(Lima!$D53<20000,"Khasab",IF(Lima!$D53<50000, "Lima",IF(Lima!$D53<72000,"Daba"))))) -> Lima | M53: =IF(Lima!$C53="","",TEXT(Lima!$C53,"mmm yy")) -> Jan 26 | N53: 29+765 to 29+775.2&29+785.39 to 29+795.59
B54: =+B53+1 -> 51 | C54: 46028 | D54: 43712 | E54: Box Culvert | F54: Blinding concrete (including catchpit portion) | G54: C15 | H54: 10 | I54: 1 | J54: 1 | K54: SCC Lima | L54: =IF(Lima!$D54="Precast",L26,IF(Lima!$D54="","",IF(Lima!$D54<20000,"Khasab",IF(Lima!$D54<50000, "Lima",IF(Lima!$D54<72000,"Daba"))))) -> Lima | M54: =IF(Lima!$C54="","",TEXT(Lima!$C54,"mmm yy")) -> Jan 26 | N54: inlet side
B55: =+B54+1 -> 52 | C55: 46030 | D55: 44121 | E55: Box Culvert | F55: Base Slab | G55: C35 | H55: 66 | I55: 7 | J55: 7 | K55: SCC Lima | L55: =IF(Lima!$D55="Precast",L27,IF(Lima!$D55="","",IF(Lima!$D55<20000,"Khasab",IF(Lima!$D55<50000, "Lima",IF(Lima!$D55<72000,"Daba"))))) -> Lima | M55: =IF(Lima!$C55="","",TEXT(Lima!$C55,"mmm yy")) -> Jan 26
B56: =+B55+1 -> 53 | C56: 46030 | D56: 43275 | E56: Retaining Wall | F56: Base Slab (inculding Shear Key | G56: C30 | H56: 37 | I56: 5 | J56: 5 | K56: SCC Lima | L56: =IF(Lima!$D56="Precast",L28,IF(Lima!$D56="","",IF(Lima!$D56<20000,"Khasab",IF(Lima!$D56<50000, "Lima",IF(Lima!$D56<72000,"Daba"))))) -> Lima | M56: =IF(Lima!$C56="","",TEXT(Lima!$C56,"mmm yy")) -> Jan 26 | N56: 43+275 to 43+293 LHS
B57: =+B56+1 -> 54 | C57: 46033 | D57: 47147 | E57: Box Culvert | F57: Wall,Top slab | G57: C35 | H57: 123 | I57: 13 | J57: 13 | K57: SCC Lima | L57: =IF(Lima!$D57="Precast",L29,IF(Lima!$D57="","",IF(Lima!$D57<20000,"Khasab",IF(Lima!$D57<50000, "Lima",IF(Lima!$D57<72000,"Daba"))))) -> Lima | M57: =IF(Lima!$C57="","",TEXT(Lima!$C57,"mmm yy")) -> Jan 26 | N57: Unit - 04
B58: =+B57+1 -> 55 | C58: 46034 | D58: 38242 | E58: Box Culvert | F58: Blinding concrete | G58: C15 | H58: 12 | I58: 2 | J58: 2 | K58: SCC Lima | L58: =IF(Lima!$D58="Precast",L30,IF(Lima!$D58="","",IF(Lima!$D58<20000,"Khasab",IF(Lima!$D58<50000, "Lima",IF(Lima!$D58<72000,"Daba"))))) -> Lima | M58: =IF(Lima!$C58="","",TEXT(Lima!$C58,"mmm yy")) -> Jan 26
B59: =+B58+1 -> 56 | C59: 46034 | D59: 21985 | E59: Box Culvert | F59: Apron Slab Blinding(Inlet & outlet) | G59: C15 | H59: 65 | I59: 7 | J59: 7 | K59: SCC Lima | L59: =IF(Lima!$D59="Precast",L31,IF(Lima!$D59="","",IF(Lima!$D59<20000,"Khasab",IF(Lima!$D59<50000, "Lima",IF(Lima!$D59<72000,"Daba"))))) -> Lima | M59: =IF(Lima!$C59="","",TEXT(Lima!$C59,"mmm yy")) -> Jan 26
B60: =+B59+1 -> 57 | C60: 46034 | D60: 47147 | E60: Box Culvert | F60: Wall,Top slab & Headwall | G60: C35 | H60: 127 | I60: 13 | J60: 13 | K60: SCC Lima | L60: =IF(Lima!$D60="Precast",L32,IF(Lima!$D60="","",IF(Lima!$D60<20000,"Khasab",IF(Lima!$D60<50000, "Lima",IF(Lima!$D60<72000,"Daba"))))) -> Lima | M60: =IF(Lima!$C60="","",TEXT(Lima!$C60,"mmm yy")) -> Jan 26 | N60: Unit - 06
B61: =+B60+1 -> 58 | C61: 46035 | D61: 43275 | E61: Retaining Wall | F61: Wall | G61: C30 | H61: 23.5 | I61: 3 | J61: 3 | K61: SCC Lima | L61: =IF(Lima!$D61="Precast",L33,IF(Lima!$D61="","",IF(Lima!$D61<20000,"Khasab",IF(Lima!$D61<50000, "Lima",IF(Lima!$D61<72000,"Daba"))))) -> Lima | M61: =IF(Lima!$C61="","",TEXT(Lima!$C61,"mmm yy")) -> Jan 26 | N61: 43+275 to 43+292
B62: =+B61+1 -> 59 | C62: 46036 | D62: 43712 | E62: Box Culvert | F62: Base Slab | G62: C35 | H62: 29.5 | I62: 4 | J62: 4 | K62: SCC Lima | L62: =IF(Lima!$D62="Precast",L34,IF(Lima!$D62="","",IF(Lima!$D62<20000,"Khasab",IF(Lima!$D62<50000, "Lima",IF(Lima!$D62<72000,"Daba"))))) -> Lima | M62: =IF(Lima!$C62="","",TEXT(Lima!$C62,"mmm yy")) -> Jan 26
B63: =+B62+1 -> 60 | C63: 46037 | D63: 47147 | E63: Box Culvert | F63: Wingwall | G63: C35 | H63: 6 | I63: 1 | J63: 1 | K63: SCC Lima | L63: =IF(Lima!$D63="Precast",L35,IF(Lima!$D63="","",IF(Lima!$D63<20000,"Khasab",IF(Lima!$D63<50000, "Lima",IF(Lima!$D63<72000,"Daba"))))) -> Lima | M63: =IF(Lima!$C63="","",TEXT(Lima!$C63,"mmm yy")) -> Jan 26 | N63: inlet side
B64: =+B63+1 -> 61 | C64: 46039 | D64: 29805 | E64: Retaining Wall | F64: Base Slab & wall (Segment 5,6,2,35 & 1) | G64: C30 | H64: 140 | I64: 14 | J64: 14 | K64: SCC Lima | L64: =IF(Lima!$D64="Precast",L36,IF(Lima!$D64="","",IF(Lima!$D64<20000,"Khasab",IF(Lima!$D64<50000, "Lima",IF(Lima!$D64<72000,"Daba"))))) -> Lima | M64: =IF(Lima!$C64="","",TEXT(Lima!$C64,"mmm yy")) -> Jan 26 | N64: 29+805.78 to 29+815.94 RHS
B65: =+B64+1 -> 62 | C65: 46040 | D65: 47147 | E65: Box Culvert | F65: Blinding Concrete | G65: C15 | H65: 12 | I65: 1 | J65: 2 | K65: SCC Lima | L65: =IF(Lima!$D65="Precast",L37,IF(Lima!$D65="","",IF(Lima!$D65<20000,"Khasab",IF(Lima!$D65<50000, "Lima",IF(Lima!$D65<72000,"Daba"))))) -> Lima | M65: =IF(Lima!$C65="","",TEXT(Lima!$C65,"mmm yy")) -> Jan 26
B66: =+B65+1 -> 63 | C66: 46041 | D66: 35450 | E66: OBB Duct | F66: Concrete Encasement (OBB Road Cross) | G66: C15 | H66: 15.5 | I66: 2 | J66: 2 | K66: SCC Lima | L66: =IF(Lima!$D66="Precast",L38,IF(Lima!$D66="","",IF(Lima!$D66<20000,"Khasab",IF(Lima!$D66<50000, "Lima",IF(Lima!$D66<72000,"Daba"))))) -> Lima | M66: =IF(Lima!$C66="","",TEXT(Lima!$C66,"mmm yy")) -> Jan 26
B67: =+B66+1 -> 64 | C67: 46041 | D67: 28217 | E67: Box Culvert | F67: Wall,Top slab | G67: C35 | H67: 234 | I67: 22 | J67: 22 | K67: SCC Lima | L67: =IF(Lima!$D67="Precast",L39,IF(Lima!$D67="","",IF(Lima!$D67<20000,"Khasab",IF(Lima!$D67<50000, "Lima",IF(Lima!$D67<72000,"Daba"))))) -> Lima | M67: =IF(Lima!$C67="","",TEXT(Lima!$C67,"mmm yy")) -> Jan 26
B68: =+B67+1 -> 65 | C68: 46042 | D68: 44121 | E68: Box Culvert | F68: Wall,Top slab & Headwall | G68: C35 | H68: 81 | I68: 9 | J68: 9 | K68: SCC Lima | L68: =IF(Lima!$D68="Precast",L40,IF(Lima!$D68="","",IF(Lima!$D68<20000,"Khasab",IF(Lima!$D68<50000, "Lima",IF(Lima!$D68<72000,"Daba"))))) -> Lima | M68: =IF(Lima!$C68="","",TEXT(Lima!$C68,"mmm yy")) -> Jan 26
B69: =+B68+1 -> 66 | C69: 46043 | D69: 41074 | E69: Box Culvert | F69: Blinding Concrete | G69: C15 | H69: 6.5 | I69: 1 | J69: 1 | K69: SCC Lima | L69: =IF(Lima!$D69="Precast",L41,IF(Lima!$D69="","",IF(Lima!$D69<20000,"Khasab",IF(Lima!$D69<50000, "Lima",IF(Lima!$D69<72000,"Daba"))))) -> Lima | M69: =IF(Lima!$C69="","",TEXT(Lima!$C69,"mmm yy")) -> Jan 26
B70: =+B69+1 -> 67 | C70: 46043 | D70: 21985 | E70: Box Culvert | F70: Apron Slab | G70: C35 | H70: 40 | I70: 4 | J70: 4 | K70: SCC Lima | L70: =IF(Lima!$D70="Precast",L42,IF(Lima!$D70="","",IF(Lima!$D70<20000,"Khasab",IF(Lima!$D70<50000, "Lima",IF(Lima!$D70<72000,"Daba"))))) -> Lima | M70: =IF(Lima!$C70="","",TEXT(Lima!$C70,"mmm yy")) -> Jan 26 | N70: inletside
B71: =+B70+1 -> 68 | C71: 46044 | D71: 20700 | E71: Concrete Barrier | F71: Blinding | G71: C15 | H71: 14 | I71: 2 | J71: 2 | K71: SCC Lima | L71: =IF(Lima!$D71="Precast",L43,IF(Lima!$D71="","",IF(Lima!$D71<20000,"Khasab",IF(Lima!$D71<50000, "Lima",IF(Lima!$D71<72000,"Daba"))))) -> Lima | M71: =IF(Lima!$C71="","",TEXT(Lima!$C71,"mmm yy")) -> Jan 26 | N71: 20+700 to 20+790 LHS
B72: =+B71+1 -> 69 | C72: 46046 | D72: 34597 | E72: Box Culvert | F72: Wall,Top slab & Headwall | G72: C35 | H72: 25 | I72: 3 | J72: 3 | K72: SCC Lima | L72: =IF(Lima!$D72="Precast",L44,IF(Lima!$D72="","",IF(Lima!$D72<20000,"Khasab",IF(Lima!$D72<50000, "Lima",IF(Lima!$D72<72000,"Daba"))))) -> Lima | M72: =IF(Lima!$C72="","",TEXT(Lima!$C72,"mmm yy")) -> Jan 26
B73: =+B72+1 -> 70 | C73: 46046 | D73: 29785 | E73: Retaining Wall | F73: Wall & Base Slab (Seg 3&4 ) | G73: C30 | H73: 70 | I73: 7 | J73: 7 | K73: SCC Lima | L73: =IF(Lima!$D73="Precast",L45,IF(Lima!$D73="","",IF(Lima!$D73<20000,"Khasab",IF(Lima!$D73<50000, "Lima",IF(Lima!$D73<72000,"Daba"))))) -> Lima | M73: =IF(Lima!$C73="","",TEXT(Lima!$C73,"mmm yy")) -> Jan 26
B74: =+B73+1 -> 71 | C74: 46046 | D74: 29858 | E74: Retaining Wall | F74: Base Slab ( Seg 8 & 10 ) | G74: C30 | H74: 80 | I74: 9 | J74: 9 | K74: SCC Lima | L74: =IF(Lima!$D74="Precast",L46,IF(Lima!$D74="","",IF(Lima!$D74<20000,"Khasab",IF(Lima!$D74<50000, "Lima",IF(Lima!$D74<72000,"Daba"))))) -> Lima | M74: =IF(Lima!$C74="","",TEXT(Lima!$C74,"mmm yy")) -> Jan 26
B75: =+B74+1 -> 72 | C75: 46047 | D75: 47147 | E75: Box Culvert | F75: Top slab & Headwall | G75: C35 | H75: 123.5 | I75: 13 | J75: 13 | K75: SCC Lima | L75: =IF(Lima!$D75="Precast",L47,IF(Lima!$D75="","",IF(Lima!$D75<20000,"Khasab",IF(Lima!$D75<50000, "Lima",IF(Lima!$D75<72000,"Daba"))))) -> Lima | M75: =IF(Lima!$C75="","",TEXT(Lima!$C75,"mmm yy")) -> Jan 26
B76: =+B75+1 -> 73 | C76: 46048 | D76: 21985 | E76: Box Culvert | F76: Apron Slab | G76: C35 | H76: 72 | I76: 8 | J76: 8 | K76: SCC Lima | L76: =IF(Lima!$D76="Precast",L48,IF(Lima!$D76="","",IF(Lima!$D76<20000,"Khasab",IF(Lima!$D76<50000, "Lima",IF(Lima!$D76<72000,"Daba"))))) -> Lima | M76: =IF(Lima!$C76="","",TEXT(Lima!$C76,"mmm yy")) -> Jan 26 | N76: inletside, outletside
B77: =+B76+1 -> 74 | C77: 46049 | D77: 41074 | E77: Box Culvert | F77: Base Slab | G77: C35 | H77: 14.5 | I77: 2 | J77: 2 | K77: SCC Lima | L77: =IF(Lima!$D77="Precast",L49,IF(Lima!$D77="","",IF(Lima!$D77<20000,"Khasab",IF(Lima!$D77<50000, "Lima",IF(Lima!$D77<72000,"Daba"))))) -> Lima | M77: =IF(Lima!$C77="","",TEXT(Lima!$C77,"mmm yy")) -> Jan 26
B78: =+B77+1 -> 75 | C78: 46050 | D78: 43712 | E78: Box Culvert | F78: Top slab & OBB Champer | G78: C35 | H78: 46 | I78: 5 | J78: 5 | K78: SCC Lima | L78: =IF(Lima!$D78="Precast",L50,IF(Lima!$D78="","",IF(Lima!$D78<20000,"Khasab",IF(Lima!$D78<50000, "Lima",IF(Lima!$D78<72000,"Daba"))))) -> Lima | M78: =IF(Lima!$C78="","",TEXT(Lima!$C78,"mmm yy")) -> Jan 26
B79: =+B78+1 -> 76 | C79: 46050 | D79: 43598 | E79: Utility Duct | F79: OBB Champer | G79: C15 | H79: 13 | I79: 2 | J79: 2 | K79: SCC Lima | L79: =IF(Lima!$D79="Precast",L51,IF(Lima!$D79="","",IF(Lima!$D79<20000,"Khasab",IF(Lima!$D79<50000, "Lima",IF(Lima!$D79<72000,"Daba"))))) -> Lima | M79: =IF(Lima!$C79="","",TEXT(Lima!$C79,"mmm yy")) -> Jan 26
B80: =+B79+1 -> 77 | C80: 46051 | D80: 29775 | E80: Retaining Wall | F80: Wall | G80: C30 | H80: 60 | I80: 6 | J80: 6 | K80: SCC Lima | L80: =IF(Lima!$D80="Precast",L52,IF(Lima!$D80="","",IF(Lima!$D80<20000,"Khasab",IF(Lima!$D80<50000, "Lima",IF(Lima!$D80<72000,"Daba"))))) -> Lima | M80: =IF(Lima!$C80="","",TEXT(Lima!$C80,"mmm yy")) -> Jan 26 | N80: 29+775.2 to 29+785.39 | O80: seg 2& 5
B81: =+B80+1 -> 78 | C81: 46051 | D81: 21985 | E81: Box Culvert | F81: Apron Slab | G81: C35 | H81: 30 | I81: 3 | J81: 3 | K81: SCC Lima | L81: =IF(Lima!$D81="Precast",L53,IF(Lima!$D81="","",IF(Lima!$D81<20000,"Khasab",IF(Lima!$D81<50000, "Lima",IF(Lima!$D81<72000,"Daba"))))) -> Lima | M81: =IF(Lima!$C81="","",TEXT(Lima!$C81,"mmm yy")) -> Jan 26 | N81: unit 2 outletside
B82: =+B81+1 -> 79 | C82: 46051 | D82: 44333 | E82: Box Culvert | F82: Blinding Concrete | G82: C15 | H82: 11.5 | I82: 2 | J82: 2 | K82: SCC Lima | L82: =IF(Lima!$D82="Precast",L54,IF(Lima!$D82="","",IF(Lima!$D82<20000,"Khasab",IF(Lima!$D82<50000, "Lima",IF(Lima!$D82<72000,"Daba"))))) -> Lima | M82: =IF(Lima!$C82="","",TEXT(Lima!$C82,"mmm yy")) -> Jan 26 | N82: inculuding cut off wall
B83: =+B82+1 -> 80 | C83: 46051 | D83: 47147 | E83: Box Culvert | F83: Apron Slab | G83: C35 | H83: 36.25 | I83: 4 | J83: 4 | K83: SCC Lima | L83: =IF(Lima!$D83="Precast",L55,IF(Lima!$D83="","",IF(Lima!$D83<20000,"Khasab",IF(Lima!$D83<50000, "Lima",IF(Lima!$D83<72000,"Daba"))))) -> Lima | M83: =IF(Lima!$C83="","",TEXT(Lima!$C83,"mmm yy")) -> Jan 26 | N83: outletside
B84: =+B83+1 -> 81 | C84: 46053 | D84: 21700 | E84: Box Culvert | F84: Blinding Concrete Apron Slab | G84: C15 | H84: 43 | I84: 4 | J84: 4 | K84: SCC Lima | L84: =IF(Lima!$D84="Precast",L56,IF(Lima!$D84="","",IF(Lima!$D84<20000,"Khasab",IF(Lima!$D84<50000, "Lima",IF(Lima!$D84<72000,"Daba"))))) -> Lima | M84: =IF(Lima!$C84="","",TEXT(Lima!$C84,"mmm yy")) -> Jan 26
B85: =+B84+1 -> 82 | C85: 46053 | D85: 21985 | E85: Box Culvert | F85: Wing Wall | G85: C35 | H85: 8 | I85: 1 | J85: 1 | K85: SCC Lima | L85: =IF(Lima!$D85="Precast",L57,IF(Lima!$D85="","",IF(Lima!$D85<20000,"Khasab",IF(Lima!$D85<50000, "Lima",IF(Lima!$D85<72000,"Daba"))))) -> Lima | M85: =IF(Lima!$C85="","",TEXT(Lima!$C85,"mmm yy")) -> Jan 26
B86: =+B85+1 -> 83 | C86: 46053 | D86: 44333 | E86: Box Culvert | F86: Base Slab | G86: C35 | H86: 24 | I86: 3 | J86: 3 | K86: SCC Lima | L86: =IF(Lima!$D86="Precast",L58,IF(Lima!$D86="","",IF(Lima!$D86<20000,"Khasab",IF(Lima!$D86<50000, "Lima",IF(Lima!$D86<72000,"Daba"))))) -> Lima | M86: =IF(Lima!$C86="","",TEXT(Lima!$C86,"mmm yy")) -> Jan 26
B87: =+B86+1 -> 84 | C87: 46053 | D87: 41074 | E87: Box Culvert | F87: Top slab & Headwall | G87: C35 | H87: 23 | I87: 4 | J87: 4 | K87: SCC Lima | L87: =IF(Lima!$D87="Precast",L59,IF(Lima!$D87="","",IF(Lima!$D87<20000,"Khasab",IF(Lima!$D87<50000, "Lima",IF(Lima!$D87<72000,"Daba"))))) -> Lima | M87: =IF(Lima!$C87="","",TEXT(Lima!$C87,"mmm yy")) -> Jan 26
B88: =+B87+1 -> 85 | C88: 46054 | D88: 29847 | E88: Retaining Wall | F88: Wall,Base slab | G88: C30 | H88: 80 | I88: 8 | J88: 8 | K88: SCC Lima | L88: =IF(Lima!$D88="Precast",L60,IF(Lima!$D88="","",IF(Lima!$D88<20000,"Khasab",IF(Lima!$D88<50000, "Lima",IF(Lima!$D88<72000,"Daba"))))) -> Lima | M88: =IF(Lima!$C88="","",TEXT(Lima!$C88,"mmm yy")) -> Feb 26 | N88: 29+847.80 to 29+858.45
B89: =+B88+1 -> 86 | C89: 46054 | D89: 38936 | E89: Box Culvert | F89: Apron Slab | G89: C35 | H89: 60 | I89: 7 | J89: 7 | K89: SCC Lima | L89: =IF(Lima!$D89="Precast",L61,IF(Lima!$D89="","",IF(Lima!$D89<20000,"Khasab",IF(Lima!$D89<50000, "Lima",IF(Lima!$D89<72000,"Daba"))))) -> Lima | M89: =IF(Lima!$C89="","",TEXT(Lima!$C89,"mmm yy")) -> Feb 26
B90: =+B89+1 -> 87 | C90: 46055 | D90: 20770 | E90: Concrete Barrier | F90: Type E (in situ) | G90: C25 | H90: 19 | I90: 2 | J90: 2 | K90: SCC Lima | L90: =IF(Lima!$D90="Precast",L62,IF(Lima!$D90="","",IF(Lima!$D90<20000,"Khasab",IF(Lima!$D90<50000, "Lima",IF(Lima!$D90<72000,"Daba"))))) -> Lima | M90: =IF(Lima!$C90="","",TEXT(Lima!$C90,"mmm yy")) -> Feb 26
B91: =+B90+1 -> 88 | C91: 46055 | D91: 43383 | E91: Box Culvert | F91: Blinding Concrete | G91: C15 | H91: 16 | I91: 2 | J91: 2 | K91: SCC Lima | L91: =IF(Lima!$D91="Precast",L63,IF(Lima!$D91="","",IF(Lima!$D91<20000,"Khasab",IF(Lima!$D91<50000, "Lima",IF(Lima!$D91<72000,"Daba"))))) -> Lima | M91: =IF(Lima!$C91="","",TEXT(Lima!$C91,"mmm yy")) -> Feb 26
B92: =+B91+1 -> 89 | C92: 46055 | D92: 41074 | E92: Box Culvert | F92: Catchpit Base Slab | G92: C35 | H92: 6 | I92: 1 | J92: 1 | K92: SCC Lima | L92: =IF(Lima!$D92="Precast",L64,IF(Lima!$D92="","",IF(Lima!$D92<20000,"Khasab",IF(Lima!$D92<50000, "Lima",IF(Lima!$D92<72000,"Daba"))))) -> Lima | M92: =IF(Lima!$C92="","",TEXT(Lima!$C92,"mmm yy")) -> Feb 26
B93: =+B92+1 -> 90 | C93: 46056 | D93: 28860 | E93: Box Culvert | F93: Blinding Concrete | G93: C15 | H93: 8 | I93: 1 | J93: 1 | K93: SCC Lima | L93: =IF(Lima!$D93="Precast",L65,IF(Lima!$D93="","",IF(Lima!$D93<20000,"Khasab",IF(Lima!$D93<50000, "Lima",IF(Lima!$D93<72000,"Daba"))))) -> Lima | M93: =IF(Lima!$C93="","",TEXT(Lima!$C93,"mmm yy")) -> Feb 26
B94: =+B93+1 -> 91 | C94: 46056 | D94: 47147 | E94: Box Culvert | F94: Wing Wall | G94: C35 | H94: 5.75 | I94: 1 | J94: 1 | K94: SCC Lima | L94: =IF(Lima!$D94="Precast",L66,IF(Lima!$D94="","",IF(Lima!$D94<20000,"Khasab",IF(Lima!$D94<50000, "Lima",IF(Lima!$D94<72000,"Daba"))))) -> Lima | M94: =IF(Lima!$C94="","",TEXT(Lima!$C94,"mmm yy")) -> Feb 26
B95: =+B94+1 -> 92 | C95: 46056 | D95: 44121 | E95: Box Culvert | F95: Apron Slab Blinding Concrete | G95: C15 | H95: 9 | I95: 1 | J95: 1 | K95: SCC Lima | L95: =IF(Lima!$D95="Precast",L67,IF(Lima!$D95="","",IF(Lima!$D95<20000,"Khasab",IF(Lima!$D95<50000, "Lima",IF(Lima!$D95<72000,"Daba"))))) -> Lima | M95: =IF(Lima!$C95="","",TEXT(Lima!$C95,"mmm yy")) -> Feb 26
B96: =+B95+1 -> 93 | C96: 46057 | D96: 29826 | E96: Retaining Wall | F96: Wall | G96: C30 | H96: 73 | I96: 8 | J96: 8 | K96: SCC Lima | L96: =IF(Lima!$D96="Precast",L68,IF(Lima!$D96="","",IF(Lima!$D96<20000,"Khasab",IF(Lima!$D96<50000, "Lima",IF(Lima!$D96<72000,"Daba"))))) -> Lima | M96: =IF(Lima!$C96="","",TEXT(Lima!$C96,"mmm yy")) -> Feb 26 | N96: 29+826.27& 29+795.59 to 29+805.78 | O96: seg 4&6
B97: =+B96+1 -> 94 | C97: 46057 | D97: 43712 | E97: Box Culvert | F97: Apron Slab Blinding Concrete | G97: C15 | H97: 4 | I97: 1 | J97: 1 | K97: SCC Lima | L97: =IF(Lima!$D97="Precast",L69,IF(Lima!$D97="","",IF(Lima!$D97<20000,"Khasab",IF(Lima!$D97<50000, "Lima",IF(Lima!$D97<72000,"Daba"))))) -> Lima | M97: =IF(Lima!$C97="","",TEXT(Lima!$C97,"mmm yy")) -> Feb 26
B98: =+B97+1 -> 95 | C98: 46058 | D98: 43712 | E98: Box Culvert | F98: Catchpit wall | G98: C35 | H98: 7.5 | I98: 1 | J98: 1 | K98: SCC Lima | L98: =IF(Lima!$D98="Precast",L70,IF(Lima!$D98="","",IF(Lima!$D98<20000,"Khasab",IF(Lima!$D98<50000, "Lima",IF(Lima!$D98<72000,"Daba"))))) -> Lima | M98: =IF(Lima!$C98="","",TEXT(Lima!$C98,"mmm yy")) -> Feb 26
B99: =+B98+1 -> 96 | C99: 46058 | D99: 21700 | E99: Box Culvert | F99: Wing Wall & Apron Slab | G99: C35 | H99: 107 | I99: 10 | J99: 10 | K99: SCC Lima | L99: =IF(Lima!$D99="Precast",L71,IF(Lima!$D99="","",IF(Lima!$D99<20000,"Khasab",IF(Lima!$D99<50000, "Lima",IF(Lima!$D99<72000,"Daba"))))) -> Lima | M99: =IF(Lima!$C99="","",TEXT(Lima!$C99,"mmm yy")) -> Feb 26
B100: =+B99+1 -> 97 | C100: 46058 | D100: 20740 | E100: Concrete Barrier | F100: Type E (in situ) | G100: C25 | H100: 18 | I100: 2 | J100: 2 | K100: SCC Lima | L100: =IF(Lima!$D100="Precast",L72,IF(Lima!$D100="","",IF(Lima!$D100<20000,"Khasab",IF(Lima!$D100<50000, "Lima",IF(Lima!$D100<72000,"Daba"))))) -> Lima | M100: =IF(Lima!$C100="","",TEXT(Lima!$C100,"mmm yy")) -> Feb 26 | N100: 20+770 TO 20+780 RHS
B101: =+B100+1 -> 98 | C101: 46060 | D101: 44333 | E101: Box Culvert | F101: Wall,Top slab & Headwall | G101: C35 | H101: 39 | I101: 5 | J101: 5 | K101: SCC Lima | L101: =IF(Lima!$D101="Precast",L73,IF(Lima!$D101="","",IF(Lima!$D101<20000,"Khasab",IF(Lima!$D101<50000, "Lima",IF(Lima!$D101<72000,"Daba"))))) -> Lima | M101: =IF(Lima!$C101="","",TEXT(Lima!$C101,"mmm yy")) -> Feb 26
B102: =+B101+1 -> 99 | C102: 46060 | D102: 28217 | E102: Box Culvert | F102: Wall,Top slab | G102: C35 | H102: 143 | I102: 13 | J102: 13 | K102: SCC Lima | L102: =IF(Lima!$D102="Precast",L74,IF(Lima!$D102="","",IF(Lima!$D102<20000,"Khasab",IF(Lima!$D102<50000, "Lima",IF(Lima!$D102<72000,"Daba"))))) -> Lima | M102: =IF(Lima!$C102="","",TEXT(Lima!$C102,"mmm yy")) -> Feb 26
...
